MSN,YYYYMM,Value,Column_Order,Description,Unit,Y,M
SOT8BUS,201201,3.21,1,Distributed Solar Energy Consumption for Heat:  Total,Trillion Btu,2012,1
SOT8BUS,201202,3.46,1,Distributed Solar Energy Consumption for Heat:  Total,Trillion Btu,2012,2
SOT8BUS,201203,4.768,1,Distributed Solar Energy Consumption for Heat:  Total,Trillion Btu,2012,3
SOT8BUS,201204,5.255,1,Distributed Solar Energy Consumption for Heat:  Total,Trillion Btu,2012,4
SOT8BUS,201205,5.801,1,Distributed Solar Energy Consumption for Heat:  Total,Trillion Btu,2012,5
SOT8BUS,201206,5.853,1,Distributed Solar Energy Consumption for Heat:  Total,Trillion Btu,2012,6
SOT8BUS,201207,6.145,1,Distributed Solar Energy Consumption for Heat:  Total,Trillion Btu,2012,7
SOT8BUS,201208,6.081,1,Distributed Solar Energy Consumption for Heat:  Total,Trillion Btu,2012,8
SOT8BUS,201209,5.546,1,Distributed Solar Energy Consumption for Heat:  Total,Trillion Btu,2012,9
SOT8BUS,201210,5.055,1,Distributed Solar Energy Consumption for Heat:  Total,Trillion Btu,2012,10
SOT8BUS,201211,4.146,1,Distributed Solar Energy Consumption for Heat:  Total,Trillion Btu,2012,11
SOT8BUS,201212,3.936,1,Distributed Solar Energy Consumption for Heat:  Total,Trillion Btu,2012,12
SOT8BUS,201301,3.29,1,Distributed Solar Energy Consumption for Heat:  Total,Trillion Btu,2013,1
SOT8BUS,201302,3.547,1,Distributed Solar Energy Consumption for Heat:  Total,Trillion Btu,2013,2
SOT8BUS,201303,4.887,1,Distributed Solar Energy Consumption for Heat:  Total,Trillion Btu,2013,3
SOT8BUS,201304,5.386,1,Distributed Solar Energy Consumption for Heat:  Total,Trillion Btu,2013,4
SOT8BUS,201305,5.946,1,Distributed Solar Energy Consumption for Heat:  Total,Trillion Btu,2013,5
SOT8BUS,201306,5.999,1,Distributed Solar Energy Consumption for Heat:  Total,Trillion Btu,2013,6
SOT8BUS,201307,6.298,1,Distributed Solar Energy Consumption for Heat:  Total,Trillion Btu,2013,7
SOT8BUS,201308,6.232,1,Distributed Solar Energy Consumption for Heat:  Total,Trillion Btu,2013,8
SOT8BUS,201309,5.684,1,Distributed Solar Energy Consumption for Heat:  Total,Trillion Btu,2013,9
SOT8BUS,201310,5.181,1,Distributed Solar Energy Consumption for Heat:  Total,Trillion Btu,2013,10
SOT8BUS,201311,4.25,1,Distributed Solar Energy Consumption for Heat:  Total,Trillion Btu,2013,11
SOT8BUS,201312,4.034,1,Distributed Solar Energy Consumption for Heat:  Total,Trillion Btu,2013,12
SOT8BUS,201401,3.437,1,Distributed Solar Energy Consumption for Heat:  Total,Trillion Btu,2014,1
SOT8BUS,201402,3.657,1,Distributed Solar Energy Consumption for Heat:  Total,Trillion Btu,2014,2
SOT8BUS,201403,4.996,1,Distributed Solar Energy Consumption for Heat:  Total,Trillion Btu,2014,3
SOT8BUS,201404,5.445,1,Distributed Solar Energy Consumption for Heat:  Total,Trillion Btu,2014,4
SOT8BUS,201405,6.015,1,Distributed Solar Energy Consumption for Heat:  Total,Trillion Btu,2014,5
SOT8BUS,201406,6.062,1,Distributed Solar Energy Consumption for Heat:  Total,Trillion Btu,2014,6
SOT8BUS,201407,6.327,1,Distributed Solar Energy Consumption for Heat:  Total,Trillion Btu,2014,7
SOT8BUS,201408,6.275,1,Distributed Solar Energy Consumption for Heat:  Total,Trillion Btu,2014,8
SOT8BUS,201409,5.764,1,Distributed Solar Energy Consumption for Heat:  Total,Trillion Btu,2014,9
SOT8BUS,201410,5.315,1,Distributed Solar Energy Consumption for Heat:  Total,Trillion Btu,2014,10
SOT8BUS,201411,4.362,1,Distributed Solar Energy Consumption for Heat:  Total,Trillion Btu,2014,11
SOT8BUS,201412,4.22,1,Distributed Solar Energy Consumption for Heat:  Total,Trillion Btu,2014,12
SOT8BUS,201501,3.272,1,Distributed Solar Energy Consumption for Heat:  Total,Trillion Btu,2015,1
SOT8BUS,201502,3.576,1,Distributed Solar Energy Consumption for Heat:  Total,Trillion Btu,2015,2
SOT8BUS,201503,4.97,1,Distributed Solar Energy Consumption for Heat:  Total,Trillion Btu,2015,3
SOT8BUS,201504,5.539,1,Distributed Solar Energy Consumption for Heat:  Total,Trillion Btu,2015,4
SOT8BUS,201505,6.111,1,Distributed Solar Energy Consumption for Heat:  Total,Trillion Btu,2015,5
SOT8BUS,201506,6.173,1,Distributed Solar Energy Consumption for Heat:  Total,Trillion Btu,2015,6
SOT8BUS,201507,6.518,1,Distributed Solar Energy Consumption for Heat:  Total,Trillion Btu,2015,7
SOT8BUS,201508,6.436,1,Distributed Solar Energy Consumption for Heat:  Total,Trillion Btu,2015,8
SOT8BUS,201509,5.829,1,Distributed Solar Energy Consumption for Heat:  Total,Trillion Btu,2015,9
SOT8BUS,201510,5.251,1,Distributed Solar Energy Consumption for Heat:  Total,Trillion Btu,2015,10
SOT8BUS,201511,4.305,1,Distributed Solar Energy Consumption for Heat:  Total,Trillion Btu,2015,11
SOT8BUS,201512,4.007,1,Distributed Solar Energy Consumption for Heat:  Total,Trillion Btu,2015,12
SOT8BUS,201601,3.236,1,Distributed Solar Energy Consumption for Heat:  Total,Trillion Btu,2016,1
SOT8BUS,201602,3.781,1,Distributed Solar Energy Consumption for Heat:  Total,Trillion Btu,2016,2
SOT8BUS,201603,5.038,1,Distributed Solar Energy Consumption for Heat:  Total,Trillion Btu,2016,3
SOT8BUS,201604,5.625,1,Distributed Solar Energy Consumption for Heat:  Total,Trillion Btu,2016,4
SOT8BUS,201605,6.206,1,Distributed Solar Energy Consumption for Heat:  Total,Trillion Btu,2016,5
SOT8BUS,201606,6.367,1,Distributed Solar Energy Consumption for Heat:  Total,Trillion Btu,2016,6
SOT8BUS,201607,6.607,1,Distributed Solar Energy Consumption for Heat:  Total,Trillion Btu,2016,7
SOT8BUS,201608,6.413,1,Distributed Solar Energy Consumption for Heat:  Total,Trillion Btu,2016,8
SOT8BUS,201609,5.732,1,Distributed Solar Energy Consumption for Heat:  Total,Trillion Btu,2016,9
SOT8BUS,201610,5.127,1,Distributed Solar Energy Consumption for Heat:  Total,Trillion Btu,2016,10
SOT8BUS,201611,4.151,1,Distributed Solar Energy Consumption for Heat:  Total,Trillion Btu,2016,11
SOT8BUS,201612,3.855,1,Distributed Solar Energy Consumption for Heat:  Total,Trillion Btu,2016,12
SOT8BUS,201701,3.221,1,Distributed Solar Energy Consumption for Heat:  Total,Trillion Btu,2017,1
SOT8BUS,201702,3.582,1,Distributed Solar Energy Consumption for Heat:  Total,Trillion Btu,2017,2
SOT8BUS,201703,5.145,1,Distributed Solar Energy Consumption for Heat:  Total,Trillion Btu,2017,3
SOT8BUS,201704,5.725,1,Distributed Solar Energy Consumption for Heat:  Total,Trillion Btu,2017,4
SOT8BUS,201705,6.32,1,Distributed Solar Energy Consumption for Heat:  Total,Trillion Btu,2017,5
SOT8BUS,201706,6.482,1,Distributed Solar Energy Consumption for Heat:  Total,Trillion Btu,2017,6
SOT8BUS,201707,6.677,1,Distributed Solar Energy Consumption for Heat:  Total,Trillion Btu,2017,7
SOT8BUS,201708,6.478,1,Distributed Solar Energy Consumption for Heat:  Total,Trillion Btu,2017,8
SOT8BUS,201709,5.802,1,Distributed Solar Energy Consumption for Heat:  Total,Trillion Btu,2017,9
SOT8BUS,201710,5.185,1,Distributed Solar Energy Consumption for Heat:  Total,Trillion Btu,2017,10
SOT8BUS,201711,4.077,1,Distributed Solar Energy Consumption for Heat:  Total,Trillion Btu,2017,11
SOT8BUS,201712,3.823,1,Distributed Solar Energy Consumption for Heat:  Total,Trillion Btu,2017,12
SOT8BUS,201801,3.238,1,Distributed Solar Energy Consumption for Heat:  Total,Trillion Btu,2018,1
SOT8BUS,201802,3.601,1,Distributed Solar Energy Consumption for Heat:  Total,Trillion Btu,2018,2
SOT8BUS,201803,5.172,1,Distributed Solar Energy Consumption for Heat:  Total,Trillion Btu,2018,3
SOR7BUS,201201,1.061,2,Distributed Solar Energy Consumption for Electricity:  Residential Sector,Trillion Btu,2012,1
SOR7BUS,201202,1.144,2,Distributed Solar Energy Consumption for Electricity:  Residential Sector,Trillion Btu,2012,2
SOR7BUS,201203,1.576,2,Distributed Solar Energy Consumption for Electricity:  Residential Sector,Trillion Btu,2012,3
SOR7BUS,201204,1.737,2,Distributed Solar Energy Consumption for Electricity:  Residential Sector,Trillion Btu,2012,4
SOR7BUS,201205,1.917,2,Distributed Solar Energy Consumption for Electricity:  Residential Sector,Trillion Btu,2012,5
SOR7BUS,201206,1.935,2,Distributed Solar Energy Consumption for Electricity:  Residential Sector,Trillion Btu,2012,6
SOR7BUS,201207,2.031,2,Distributed Solar Energy Consumption for Electricity:  Residential Sector,Trillion Btu,2012,7
SOR7BUS,201208,2.01,2,Distributed Solar Energy Consumption for Electricity:  Residential Sector,Trillion Btu,2012,8
SOR7BUS,201209,1.833,2,Distributed Solar Energy Consumption for Electricity:  Residential Sector,Trillion Btu,2012,9
SOR7BUS,201210,1.671,2,Distributed Solar Energy Consumption for Electricity:  Residential Sector,Trillion Btu,2012,10
SOR7BUS,201211,1.37,2,Distributed Solar Energy Consumption for Electricity:  Residential Sector,Trillion Btu,2012,11
SOR7BUS,201212,1.301,2,Distributed Solar Energy Consumption for Electricity:  Residential Sector,Trillion Btu,2012,12
SOR7BUS,201301,1.663,2,Distributed Solar Energy Consumption for Electricity:  Residential Sector,Trillion Btu,2013,1
SOR7BUS,201302,1.792,2,Distributed Solar Energy Consumption for Electricity:  Residential Sector,Trillion Btu,2013,2
SOR7BUS,201303,2.47,2,Distributed Solar Energy Consumption for Electricity:  Residential Sector,Trillion Btu,2013,3
SOR7BUS,201304,2.722,2,Distributed Solar Energy Consumption for Electricity:  Residential Sector,Trillion Btu,2013,4
SOR7BUS,201305,3.005,2,Distributed Solar Energy Consumption for Electricity:  Residential Sector,Trillion Btu,2013,5
SOR7BUS,201306,3.032,2,Distributed Solar Energy Consumption for Electricity:  Residential Sector,Trillion Btu,2013,6
SOR7BUS,201307,3.183,2,Distributed Solar Energy Consumption for Electricity:  Residential Sector,Trillion Btu,2013,7
SOR7BUS,201308,3.15,2,Distributed Solar Energy Consumption for Electricity:  Residential Sector,Trillion Btu,2013,8
SOR7BUS,201309,2.873,2,Distributed Solar Energy Consumption for Electricity:  Residential Sector,Trillion Btu,2013,9
SOR7BUS,201310,2.618,2,Distributed Solar Energy Consumption for Electricity:  Residential Sector,Trillion Btu,2013,10
SOR7BUS,201311,2.148,2,Distributed Solar Energy Consumption for Electricity:  Residential Sector,Trillion Btu,2013,11
SOR7BUS,201312,2.039,2,Distributed Solar Energy Consumption for Electricity:  Residential Sector,Trillion Btu,2013,12
SOR7BUS,201401,2.499,2,Distributed Solar Energy Consumption for Electricity:  Residential Sector,Trillion Btu,2014,1
SOR7BUS,201402,2.634,2,Distributed Solar Energy Consumption for Electricity:  Residential Sector,Trillion Btu,2014,2
SOR7BUS,201403,3.636,2,Distributed Solar Energy Consumption for Electricity:  Residential Sector,Trillion Btu,2014,3
SOR7BUS,201404,4,2,Distributed Solar Energy Consumption for Electricity:  Residential Sector,Trillion Btu,2014,4
SOR7BUS,201405,4.453,2,Distributed Solar Energy Consumption for Electricity:  Residential Sector,Trillion Btu,2014,5
SOR7BUS,201406,4.547,2,Distributed Solar Energy Consumption for Electricity:  Residential Sector,Trillion Btu,2014,6
SOR7BUS,201407,4.778,2,Distributed Solar Energy Consumption for Electricity:  Residential Sector,Trillion Btu,2014,7
SOR7BUS,201408,4.783,2,Distributed Solar Energy Consumption for Electricity:  Residential Sector,Trillion Btu,2014,8
SOR7BUS,201409,4.488,2,Distributed Solar Energy Consumption for Electricity:  Residential Sector,Trillion Btu,2014,9
SOR7BUS,201410,4.236,2,Distributed Solar Energy Consumption for Electricity:  Residential Sector,Trillion Btu,2014,10
SOR7BUS,201411,3.545,2,Distributed Solar Energy Consumption for Electricity:  Residential Sector,Trillion Btu,2014,11
SOR7BUS,201412,3.452,2,Distributed Solar Energy Consumption for Electricity:  Residential Sector,Trillion Btu,2014,12
SOR7BUS,201501,3.166,2,Distributed Solar Energy Consumption for Electricity:  Residential Sector,Trillion Btu,2015,1
SOR7BUS,201502,3.492,2,Distributed Solar Energy Consumption for Electricity:  Residential Sector,Trillion Btu,2015,2
SOR7BUS,201503,4.99,2,Distributed Solar Energy Consumption for Electricity:  Residential Sector,Trillion Btu,2015,3
SOR7BUS,201504,5.68,2,Distributed Solar Energy Consumption for Electricity:  Residential Sector,Trillion Btu,2015,4
SOR7BUS,201505,6.301,2,Distributed Solar Energy Consumption for Electricity:  Residential Sector,Trillion Btu,2015,5
SOR7BUS,201506,6.46,2,Distributed Solar Energy Consumption for Electricity:  Residential Sector,Trillion Btu,2015,6
SOR7BUS,201507,6.903,2,Distributed Solar Energy Consumption for Electricity:  Residential Sector,Trillion Btu,2015,7
SOR7BUS,201508,6.948,2,Distributed Solar Energy Consumption for Electricity:  Residential Sector,Trillion Btu,2015,8
SOR7BUS,201509,6.332,2,Distributed Solar Energy Consumption for Electricity:  Residential Sector,Trillion Btu,2015,9
SOR7BUS,201510,5.758,2,Distributed Solar Energy Consumption for Electricity:  Residential Sector,Trillion Btu,2015,10
SOR7BUS,201511,4.798,2,Distributed Solar Energy Consumption for Electricity:  Residential Sector,Trillion Btu,2015,11
SOR7BUS,201512,4.393,2,Distributed Solar Energy Consumption for Electricity:  Residential Sector,Trillion Btu,2015,12
SOR7BUS,201601,4.8,2,Distributed Solar Energy Consumption for Electricity:  Residential Sector,Trillion Btu,2016,1
SOR7BUS,201602,5.741,2,Distributed Solar Energy Consumption for Electricity:  Residential Sector,Trillion Btu,2016,2
SOR7BUS,201603,7.705,2,Distributed Solar Energy Consumption for Electricity:  Residential Sector,Trillion Btu,2016,3
SOR7BUS,201604,8.779,2,Distributed Solar Energy Consumption for Electricity:  Residential Sector,Trillion Btu,2016,4
SOR7BUS,201605,9.764,2,Distributed Solar Energy Consumption for Electricity:  Residential Sector,Trillion Btu,2016,5
SOR7BUS,201606,10.146,2,Distributed Solar Energy Consumption for Electricity:  Residential Sector,Trillion Btu,2016,6
SOR7BUS,201607,10.584,2,Distributed Solar Energy Consumption for Electricity:  Residential Sector,Trillion Btu,2016,7
SOR7BUS,201608,10.274,2,Distributed Solar Energy Consumption for Electricity:  Residential Sector,Trillion Btu,2016,8
SOR7BUS,201609,9.132,2,Distributed Solar Energy Consumption for Electricity:  Residential Sector,Trillion Btu,2016,9
SOR7BUS,201610,8.165,2,Distributed Solar Energy Consumption for Electricity:  Residential Sector,Trillion Btu,2016,10
SOR7BUS,201611,6.7,2,Distributed Solar Energy Consumption for Electricity:  Residential Sector,Trillion Btu,2016,11
SOR7BUS,201612,6.024,2,Distributed Solar Energy Consumption for Electricity:  Residential Sector,Trillion Btu,2016,12
SOR7BUS,201701,6.434,2,Distributed Solar Energy Consumption for Electricity:  Residential Sector,Trillion Btu,2017,1
SOR7BUS,201702,7.226,2,Distributed Solar Energy Consumption for Electricity:  Residential Sector,Trillion Btu,2017,2
SOR7BUS,201703,10.59,2,Distributed Solar Energy Consumption for Electricity:  Residential Sector,Trillion Btu,2017,3
SOR7BUS,201704,11.851,2,Distributed Solar Energy Consumption for Electricity:  Residential Sector,Trillion Btu,2017,4
SOR7BUS,201705,13.062,2,Distributed Solar Energy Consumption for Electricity:  Residential Sector,Trillion Btu,2017,5
SOR7BUS,201706,13.551,2,Distributed Solar Energy Consumption for Electricity:  Residential Sector,Trillion Btu,2017,6
SOR7BUS,201707,13.803,2,Distributed Solar Energy Consumption for Electricity:  Residential Sector,Trillion Btu,2017,7
SOR7BUS,201708,13.348,2,Distributed Solar Energy Consumption for Electricity:  Residential Sector,Trillion Btu,2017,8
SOR7BUS,201709,11.93,2,Distributed Solar Energy Consumption for Electricity:  Residential Sector,Trillion Btu,2017,9
SOR7BUS,201710,10.668,2,Distributed Solar Energy Consumption for Electricity:  Residential Sector,Trillion Btu,2017,10
SOR7BUS,201711,8.337,2,Distributed Solar Energy Consumption for Electricity:  Residential Sector,Trillion Btu,2017,11
SOR7BUS,201712,7.723,2,Distributed Solar Energy Consumption for Electricity:  Residential Sector,Trillion Btu,2017,12
SOR7BUS,201801,8.779,2,Distributed Solar Energy Consumption for Electricity:  Residential Sector,Trillion Btu,2018,1
SOR7BUS,201802,9.308,2,Distributed Solar Energy Consumption for Electricity:  Residential Sector,Trillion Btu,2018,2
SOR7BUS,201803,12.874,2,Distributed Solar Energy Consumption for Electricity:  Residential Sector,Trillion Btu,2018,3
SOC7BUS,201201,1.634,3,Distributed Solar Energy Consumption for Electricity:  Commercial Sector,Trillion Btu,2012,1
SOC7BUS,201202,1.761,3,Distributed Solar Energy Consumption for Electricity:  Commercial Sector,Trillion Btu,2012,2
SOC7BUS,201203,2.426,3,Distributed Solar Energy Consumption for Electricity:  Commercial Sector,Trillion Btu,2012,3
SOC7BUS,201204,2.674,3,Distributed Solar Energy Consumption for Electricity:  Commercial Sector,Trillion Btu,2012,4
SOC7BUS,201205,2.952,3,Distributed Solar Energy Consumption for Electricity:  Commercial Sector,Trillion Btu,2012,5
SOC7BUS,201206,2.979,3,Distributed Solar Energy Consumption for Electricity:  Commercial Sector,Trillion Btu,2012,6
SOC7BUS,201207,3.127,3,Distributed Solar Energy Consumption for Electricity:  Commercial Sector,Trillion Btu,2012,7
SOC7BUS,201208,3.095,3,Distributed Solar Energy Consumption for Electricity:  Commercial Sector,Trillion Btu,2012,8
SOC7BUS,201209,2.823,3,Distributed Solar Energy Consumption for Electricity:  Commercial Sector,Trillion Btu,2012,9
SOC7BUS,201210,2.573,3,Distributed Solar Energy Consumption for Electricity:  Commercial Sector,Trillion Btu,2012,10
SOC7BUS,201211,2.11,3,Distributed Solar Energy Consumption for Electricity:  Commercial Sector,Trillion Btu,2012,11
SOC7BUS,201212,2.003,3,Distributed Solar Energy Consumption for Electricity:  Commercial Sector,Trillion Btu,2012,12
SOC7BUS,201301,2.08,3,Distributed Solar Energy Consumption for Electricity:  Commercial Sector,Trillion Btu,2013,1
SOC7BUS,201302,2.242,3,Distributed Solar Energy Consumption for Electricity:  Commercial Sector,Trillion Btu,2013,2
SOC7BUS,201303,3.089,3,Distributed Solar Energy Consumption for Electricity:  Commercial Sector,Trillion Btu,2013,3
SOC7BUS,201304,3.404,3,Distributed Solar Energy Consumption for Electricity:  Commercial Sector,Trillion Btu,2013,4
SOC7BUS,201305,3.758,3,Distributed Solar Energy Consumption for Electricity:  Commercial Sector,Trillion Btu,2013,5
SOC7BUS,201306,3.792,3,Distributed Solar Energy Consumption for Electricity:  Commercial Sector,Trillion Btu,2013,6
SOC7BUS,201307,3.981,3,Distributed Solar Energy Consumption for Electricity:  Commercial Sector,Trillion Btu,2013,7
SOC7BUS,201308,3.939,3,Distributed Solar Energy Consumption for Electricity:  Commercial Sector,Trillion Btu,2013,8
SOC7BUS,201309,3.593,3,Distributed Solar Energy Consumption for Electricity:  Commercial Sector,Trillion Btu,2013,9
SOC7BUS,201310,3.275,3,Distributed Solar Energy Consumption for Electricity:  Commercial Sector,Trillion Btu,2013,10
SOC7BUS,201311,2.686,3,Distributed Solar Energy Consumption for Electricity:  Commercial Sector,Trillion Btu,2013,11
SOC7BUS,201312,2.55,3,Distributed Solar Energy Consumption for Electricity:  Commercial Sector,Trillion Btu,2013,12
SOC7BUS,201401,2.849,3,Distributed Solar Energy Consumption for Electricity:  Commercial Sector,Trillion Btu,2014,1
SOC7BUS,201402,3.059,3,Distributed Solar Energy Consumption for Electricity:  Commercial Sector,Trillion Btu,2014,2
SOC7BUS,201403,4.107,3,Distributed Solar Energy Consumption for Electricity:  Commercial Sector,Trillion Btu,2014,3
SOC7BUS,201404,4.438,3,Distributed Solar Energy Consumption for Electricity:  Commercial Sector,Trillion Btu,2014,4
SOC7BUS,201405,4.873,3,Distributed Solar Energy Consumption for Electricity:  Commercial Sector,Trillion Btu,2014,5
SOC7BUS,201406,4.848,3,Distributed Solar Energy Consumption for Electricity:  Commercial Sector,Trillion Btu,2014,6
SOC7BUS,201407,5.029,3,Distributed Solar Energy Consumption for Electricity:  Commercial Sector,Trillion Btu,2014,7
SOC7BUS,201408,4.946,3,Distributed Solar Energy Consumption for Electricity:  Commercial Sector,Trillion Btu,2014,8
SOC7BUS,201409,4.456,3,Distributed Solar Energy Consumption for Electricity:  Commercial Sector,Trillion Btu,2014,9
SOC7BUS,201410,3.987,3,Distributed Solar Energy Consumption for Electricity:  Commercial Sector,Trillion Btu,2014,10
SOC7BUS,201411,3.218,3,Distributed Solar Energy Consumption for Electricity:  Commercial Sector,Trillion Btu,2014,11
SOC7BUS,201412,3.126,3,Distributed Solar Energy Consumption for Electricity:  Commercial Sector,Trillion Btu,2014,12
SOC7BUS,201501,3.049,3,Distributed Solar Energy Consumption for Electricity:  Commercial Sector,Trillion Btu,2015,1
SOC7BUS,201502,3.319,3,Distributed Solar Energy Consumption for Electricity:  Commercial Sector,Trillion Btu,2015,2
SOC7BUS,201503,4.46,3,Distributed Solar Energy Consumption for Electricity:  Commercial Sector,Trillion Btu,2015,3
SOC7BUS,201504,4.889,3,Distributed Solar Energy Consumption for Electricity:  Commercial Sector,Trillion Btu,2015,4
SOC7BUS,201505,5.346,3,Distributed Solar Energy Consumption for Electricity:  Commercial Sector,Trillion Btu,2015,5
SOC7BUS,201506,5.321,3,Distributed Solar Energy Consumption for Electricity:  Commercial Sector,Trillion Btu,2015,6
SOC7BUS,201507,5.554,3,Distributed Solar Energy Consumption for Electricity:  Commercial Sector,Trillion Btu,2015,7
SOC7BUS,201508,5.362,3,Distributed Solar Energy Consumption for Electricity:  Commercial Sector,Trillion Btu,2015,8
SOC7BUS,201509,4.803,3,Distributed Solar Energy Consumption for Electricity:  Commercial Sector,Trillion Btu,2015,9
SOC7BUS,201510,4.241,3,Distributed Solar Energy Consumption for Electricity:  Commercial Sector,Trillion Btu,2015,10
SOC7BUS,201511,3.421,3,Distributed Solar Energy Consumption for Electricity:  Commercial Sector,Trillion Btu,2015,11
SOC7BUS,201512,3.253,3,Distributed Solar Energy Consumption for Electricity:  Commercial Sector,Trillion Btu,2015,12
SOC7BUS,201601,3.199,3,Distributed Solar Energy Consumption for Electricity:  Commercial Sector,Trillion Btu,2016,1
SOC7BUS,201602,3.678,3,Distributed Solar Energy Consumption for Electricity:  Commercial Sector,Trillion Btu,2016,2
SOC7BUS,201603,4.796,3,Distributed Solar Energy Consumption for Electricity:  Commercial Sector,Trillion Btu,2016,3
SOC7BUS,201604,5.223,3,Distributed Solar Energy Consumption for Electricity:  Commercial Sector,Trillion Btu,2016,4
SOC7BUS,201605,5.683,3,Distributed Solar Energy Consumption for Electricity:  Commercial Sector,Trillion Btu,2016,5
SOC7BUS,201606,5.749,3,Distributed Solar Energy Consumption for Electricity:  Commercial Sector,Trillion Btu,2016,6
SOC7BUS,201607,5.91,3,Distributed Solar Energy Consumption for Electricity:  Commercial Sector,Trillion Btu,2016,7
SOC7BUS,201608,5.72,3,Distributed Solar Energy Consumption for Electricity:  Commercial Sector,Trillion Btu,2016,8
SOC7BUS,201609,5.137,3,Distributed Solar Energy Consumption for Electricity:  Commercial Sector,Trillion Btu,2016,9
SOC7BUS,201610,4.555,3,Distributed Solar Energy Consumption for Electricity:  Commercial Sector,Trillion Btu,2016,10
SOC7BUS,201611,3.625,3,Distributed Solar Energy Consumption for Electricity:  Commercial Sector,Trillion Btu,2016,11
SOC7BUS,201612,3.574,3,Distributed Solar Energy Consumption for Electricity:  Commercial Sector,Trillion Btu,2016,12
SOC7BUS,201701,3.818,3,Distributed Solar Energy Consumption for Electricity:  Commercial Sector,Trillion Btu,2017,1
SOC7BUS,201702,4.189,3,Distributed Solar Energy Consumption for Electricity:  Commercial Sector,Trillion Btu,2017,2
SOC7BUS,201703,5.818,3,Distributed Solar Energy Consumption for Electricity:  Commercial Sector,Trillion Btu,2017,3
SOC7BUS,201704,6.464,3,Distributed Solar Energy Consumption for Electricity:  Commercial Sector,Trillion Btu,2017,4
SOC7BUS,201705,7.142,3,Distributed Solar Energy Consumption for Electricity:  Commercial Sector,Trillion Btu,2017,5
SOC7BUS,201706,7.212,3,Distributed Solar Energy Consumption for Electricity:  Commercial Sector,Trillion Btu,2017,6
SOC7BUS,201707,7.555,3,Distributed Solar Energy Consumption for Electricity:  Commercial Sector,Trillion Btu,2017,7
SOC7BUS,201708,7.363,3,Distributed Solar Energy Consumption for Electricity:  Commercial Sector,Trillion Btu,2017,8
SOC7BUS,201709,6.585,3,Distributed Solar Energy Consumption for Electricity:  Commercial Sector,Trillion Btu,2017,9
SOC7BUS,201710,5.841,3,Distributed Solar Energy Consumption for Electricity:  Commercial Sector,Trillion Btu,2017,10
SOC7BUS,201711,4.621,3,Distributed Solar Energy Consumption for Electricity:  Commercial Sector,Trillion Btu,2017,11
SOC7BUS,201712,4.475,3,Distributed Solar Energy Consumption for Electricity:  Commercial Sector,Trillion Btu,2017,12
SOC7BUS,201801,4.982,3,Distributed Solar Energy Consumption for Electricity:  Commercial Sector,Trillion Btu,2018,1
SOC7BUS,201802,5.479,3,Distributed Solar Energy Consumption for Electricity:  Commercial Sector,Trillion Btu,2018,2
SOC7BUS,201803,7.191,3,Distributed Solar Energy Consumption for Electricity:  Commercial Sector,Trillion Btu,2018,3
SOI7BUS,201201,0.362,4,Distributed Solar Energy Consumption for Electricity:  Industrial Sector,Trillion Btu,2012,1
SOI7BUS,201202,0.39,4,Distributed Solar Energy Consumption for Electricity:  Industrial Sector,Trillion Btu,2012,2
SOI7BUS,201203,0.537,4,Distributed Solar Energy Consumption for Electricity:  Industrial Sector,Trillion Btu,2012,3
SOI7BUS,201204,0.592,4,Distributed Solar Energy Consumption for Electricity:  Industrial Sector,Trillion Btu,2012,4
SOI7BUS,201205,0.654,4,Distributed Solar Energy Consumption for Electricity:  Industrial Sector,Trillion Btu,2012,5
SOI7BUS,201206,0.66,4,Distributed Solar Energy Consumption for Electricity:  Industrial Sector,Trillion Btu,2012,6
SOI7BUS,201207,0.692,4,Distributed Solar Energy Consumption for Electricity:  Industrial Sector,Trillion Btu,2012,7
SOI7BUS,201208,0.685,4,Distributed Solar Energy Consumption for Electricity:  Industrial Sector,Trillion Btu,2012,8
SOI7BUS,201209,0.625,4,Distributed Solar Energy Consumption for Electricity:  Industrial Sector,Trillion Btu,2012,9
SOI7BUS,201210,0.57,4,Distributed Solar Energy Consumption for Electricity:  Industrial Sector,Trillion Btu,2012,10
SOI7BUS,201211,0.467,4,Distributed Solar Energy Consumption for Electricity:  Industrial Sector,Trillion Btu,2012,11
SOI7BUS,201212,0.444,4,Distributed Solar Energy Consumption for Electricity:  Industrial Sector,Trillion Btu,2012,12
SOI7BUS,201301,0.461,4,Distributed Solar Energy Consumption for Electricity:  Industrial Sector,Trillion Btu,2013,1
SOI7BUS,201302,0.496,4,Distributed Solar Energy Consumption for Electricity:  Industrial Sector,Trillion Btu,2013,2
SOI7BUS,201303,0.684,4,Distributed Solar Energy Consumption for Electricity:  Industrial Sector,Trillion Btu,2013,3
SOI7BUS,201304,0.754,4,Distributed Solar Energy Consumption for Electricity:  Industrial Sector,Trillion Btu,2013,4
SOI7BUS,201305,0.832,4,Distributed Solar Energy Consumption for Electricity:  Industrial Sector,Trillion Btu,2013,5
SOI7BUS,201306,0.84,4,Distributed Solar Energy Consumption for Electricity:  Industrial Sector,Trillion Btu,2013,6
SOI7BUS,201307,0.881,4,Distributed Solar Energy Consumption for Electricity:  Industrial Sector,Trillion Btu,2013,7
SOI7BUS,201308,0.872,4,Distributed Solar Energy Consumption for Electricity:  Industrial Sector,Trillion Btu,2013,8
SOI7BUS,201309,0.796,4,Distributed Solar Energy Consumption for Electricity:  Industrial Sector,Trillion Btu,2013,9
SOI7BUS,201310,0.725,4,Distributed Solar Energy Consumption for Electricity:  Industrial Sector,Trillion Btu,2013,10
SOI7BUS,201311,0.595,4,Distributed Solar Energy Consumption for Electricity:  Industrial Sector,Trillion Btu,2013,11
SOI7BUS,201312,0.565,4,Distributed Solar Energy Consumption for Electricity:  Industrial Sector,Trillion Btu,2013,12
SOI7BUS,201401,0.587,4,Distributed Solar Energy Consumption for Electricity:  Industrial Sector,Trillion Btu,2014,1
SOI7BUS,201402,0.621,4,Distributed Solar Energy Consumption for Electricity:  Industrial Sector,Trillion Btu,2014,2
SOI7BUS,201403,0.883,4,Distributed Solar Energy Consumption for Electricity:  Industrial Sector,Trillion Btu,2014,3
SOI7BUS,201404,0.962,4,Distributed Solar Energy Consumption for Electricity:  Industrial Sector,Trillion Btu,2014,4
SOI7BUS,201405,1.059,4,Distributed Solar Energy Consumption for Electricity:  Industrial Sector,Trillion Btu,2014,5
SOI7BUS,201406,1.071,4,Distributed Solar Energy Consumption for Electricity:  Industrial Sector,Trillion Btu,2014,6
SOI7BUS,201407,1.115,4,Distributed Solar Energy Consumption for Electricity:  Industrial Sector,Trillion Btu,2014,7
SOI7BUS,201408,1.104,4,Distributed Solar Energy Consumption for Electricity:  Industrial Sector,Trillion Btu,2014,8
SOI7BUS,201409,1.007,4,Distributed Solar Energy Consumption for Electricity:  Industrial Sector,Trillion Btu,2014,9
SOI7BUS,201410,0.953,4,Distributed Solar Energy Consumption for Electricity:  Industrial Sector,Trillion Btu,2014,10
SOI7BUS,201411,0.766,4,Distributed Solar Energy Consumption for Electricity:  Industrial Sector,Trillion Btu,2014,11
SOI7BUS,201412,0.708,4,Distributed Solar Energy Consumption for Electricity:  Industrial Sector,Trillion Btu,2014,12
SOI7BUS,201501,0.741,4,Distributed Solar Energy Consumption for Electricity:  Industrial Sector,Trillion Btu,2015,1
SOI7BUS,201502,0.791,4,Distributed Solar Energy Consumption for Electricity:  Industrial Sector,Trillion Btu,2015,2
SOI7BUS,201503,1.114,4,Distributed Solar Energy Consumption for Electricity:  Industrial Sector,Trillion Btu,2015,3
SOI7BUS,201504,1.206,4,Distributed Solar Energy Consumption for Electricity:  Industrial Sector,Trillion Btu,2015,4
SOI7BUS,201505,1.342,4,Distributed Solar Energy Consumption for Electricity:  Industrial Sector,Trillion Btu,2015,5
SOI7BUS,201506,1.34,4,Distributed Solar Energy Consumption for Electricity:  Industrial Sector,Trillion Btu,2015,6
SOI7BUS,201507,1.397,4,Distributed Solar Energy Consumption for Electricity:  Industrial Sector,Trillion Btu,2015,7
SOI7BUS,201508,1.371,4,Distributed Solar Energy Consumption for Electricity:  Industrial Sector,Trillion Btu,2015,8
SOI7BUS,201509,1.256,4,Distributed Solar Energy Consumption for Electricity:  Industrial Sector,Trillion Btu,2015,9
SOI7BUS,201510,1.163,4,Distributed Solar Energy Consumption for Electricity:  Industrial Sector,Trillion Btu,2015,10
SOI7BUS,201511,0.933,4,Distributed Solar Energy Consumption for Electricity:  Industrial Sector,Trillion Btu,2015,11
SOI7BUS,201512,0.871,4,Distributed Solar Energy Consumption for Electricity:  Industrial Sector,Trillion Btu,2015,12
SOI7BUS,201601,1.045,4,Distributed Solar Energy Consumption for Electricity:  Industrial Sector,Trillion Btu,2016,1
SOI7BUS,201602,1.148,4,Distributed Solar Energy Consumption for Electricity:  Industrial Sector,Trillion Btu,2016,2
SOI7BUS,201603,1.579,4,Distributed Solar Energy Consumption for Electricity:  Industrial Sector,Trillion Btu,2016,3
SOI7BUS,201604,1.719,4,Distributed Solar Energy Consumption for Electricity:  Industrial Sector,Trillion Btu,2016,4
SOI7BUS,201605,1.899,4,Distributed Solar Energy Consumption for Electricity:  Industrial Sector,Trillion Btu,2016,5
SOI7BUS,201606,1.903,4,Distributed Solar Energy Consumption for Electricity:  Industrial Sector,Trillion Btu,2016,6
SOI7BUS,201607,1.972,4,Distributed Solar Energy Consumption for Electricity:  Industrial Sector,Trillion Btu,2016,7
SOI7BUS,201608,1.932,4,Distributed Solar Energy Consumption for Electricity:  Industrial Sector,Trillion Btu,2016,8
SOI7BUS,201609,1.753,4,Distributed Solar Energy Consumption for Electricity:  Industrial Sector,Trillion Btu,2016,9
SOI7BUS,201610,1.609,4,Distributed Solar Energy Consumption for Electricity:  Industrial Sector,Trillion Btu,2016,10
SOI7BUS,201611,1.279,4,Distributed Solar Energy Consumption for Electricity:  Industrial Sector,Trillion Btu,2016,11
SOI7BUS,201612,1.177,4,Distributed Solar Energy Consumption for Electricity:  Industrial Sector,Trillion Btu,2016,12
SOI7BUS,201701,1.228,4,Distributed Solar Energy Consumption for Electricity:  Industrial Sector,Trillion Btu,2017,1
SOI7BUS,201702,1.354,4,Distributed Solar Energy Consumption for Electricity:  Industrial Sector,Trillion Btu,2017,2
SOI7BUS,201703,1.934,4,Distributed Solar Energy Consumption for Electricity:  Industrial Sector,Trillion Btu,2017,3
SOI7BUS,201704,2.092,4,Distributed Solar Energy Consumption for Electricity:  Industrial Sector,Trillion Btu,2017,4
SOI7BUS,201705,2.326,4,Distributed Solar Energy Consumption for Electricity:  Industrial Sector,Trillion Btu,2017,5
SOI7BUS,201706,2.343,4,Distributed Solar Energy Consumption for Electricity:  Industrial Sector,Trillion Btu,2017,6
SOI7BUS,201707,2.441,4,Distributed Solar Energy Consumption for Electricity:  Industrial Sector,Trillion Btu,2017,7
SOI7BUS,201708,2.38,4,Distributed Solar Energy Consumption for Electricity:  Industrial Sector,Trillion Btu,2017,8
SOI7BUS,201709,2.168,4,Distributed Solar Energy Consumption for Electricity:  Industrial Sector,Trillion Btu,2017,9
SOI7BUS,201710,1.974,4,Distributed Solar Energy Consumption for Electricity:  Industrial Sector,Trillion Btu,2017,10
SOI7BUS,201711,1.573,4,Distributed Solar Energy Consumption for Electricity:  Industrial Sector,Trillion Btu,2017,11
SOI7BUS,201712,1.431,4,Distributed Solar Energy Consumption for Electricity:  Industrial Sector,Trillion Btu,2017,12
SOI7BUS,201801,1.519,4,Distributed Solar Energy Consumption for Electricity:  Industrial Sector,Trillion Btu,2018,1
SOI7BUS,201802,1.592,4,Distributed Solar Energy Consumption for Electricity:  Industrial Sector,Trillion Btu,2018,2
SOI7BUS,201803,2.223,4,Distributed Solar Energy Consumption for Electricity:  Industrial Sector,Trillion Btu,2018,3
SOT7BUS,201201,3.057,5,Distributed Solar Energy Consumption for Electricity:  Total,Trillion Btu,2012,1
SOT7BUS,201202,3.295,5,Distributed Solar Energy Consumption for Electricity:  Total,Trillion Btu,2012,2
SOT7BUS,201203,4.54,5,Distributed Solar Energy Consumption for Electricity:  Total,Trillion Btu,2012,3
SOT7BUS,201204,5.003,5,Distributed Solar Energy Consumption for Electricity:  Total,Trillion Btu,2012,4
SOT7BUS,201205,5.524,5,Distributed Solar Energy Consumption for Electricity:  Total,Trillion Btu,2012,5
SOT7BUS,201206,5.573,5,Distributed Solar Energy Consumption for Electricity:  Total,Trillion Btu,2012,6
SOT7BUS,201207,5.851,5,Distributed Solar Energy Consumption for Electricity:  Total,Trillion Btu,2012,7
SOT7BUS,201208,5.79,5,Distributed Solar Energy Consumption for Electricity:  Total,Trillion Btu,2012,8
SOT7BUS,201209,5.281,5,Distributed Solar Energy Consumption for Electricity:  Total,Trillion Btu,2012,9
SOT7BUS,201210,4.813,5,Distributed Solar Energy Consumption for Electricity:  Total,Trillion Btu,2012,10
SOT7BUS,201211,3.948,5,Distributed Solar Energy Consumption for Electricity:  Total,Trillion Btu,2012,11
SOT7BUS,201212,3.747,5,Distributed Solar Energy Consumption for Electricity:  Total,Trillion Btu,2012,12
SOT7BUS,201301,4.203,5,Distributed Solar Energy Consumption for Electricity:  Total,Trillion Btu,2013,1
SOT7BUS,201302,4.531,5,Distributed Solar Energy Consumption for Electricity:  Total,Trillion Btu,2013,2
SOT7BUS,201303,6.242,5,Distributed Solar Energy Consumption for Electricity:  Total,Trillion Btu,2013,3
SOT7BUS,201304,6.88,5,Distributed Solar Energy Consumption for Electricity:  Total,Trillion Btu,2013,4
SOT7BUS,201305,7.595,5,Distributed Solar Energy Consumption for Electricity:  Total,Trillion Btu,2013,5
SOT7BUS,201306,7.664,5,Distributed Solar Energy Consumption for Electricity:  Total,Trillion Btu,2013,6
SOT7BUS,201307,8.045,5,Distributed Solar Energy Consumption for Electricity:  Total,Trillion Btu,2013,7
SOT7BUS,201308,7.962,5,Distributed Solar Energy Consumption for Electricity:  Total,Trillion Btu,2013,8
SOT7BUS,201309,7.261,5,Distributed Solar Energy Consumption for Electricity:  Total,Trillion Btu,2013,9
SOT7BUS,201310,6.618,5,Distributed Solar Energy Consumption for Electricity:  Total,Trillion Btu,2013,10
SOT7BUS,201311,5.429,5,Distributed Solar Energy Consumption for Electricity:  Total,Trillion Btu,2013,11
SOT7BUS,201312,5.153,5,Distributed Solar Energy Consumption for Electricity:  Total,Trillion Btu,2013,12
SOT7BUS,201401,5.935,5,Distributed Solar Energy Consumption for Electricity:  Total,Trillion Btu,2014,1
SOT7BUS,201402,6.313,5,Distributed Solar Energy Consumption for Electricity:  Total,Trillion Btu,2014,2
SOT7BUS,201403,8.626,5,Distributed Solar Energy Consumption for Electricity:  Total,Trillion Btu,2014,3
SOT7BUS,201404,9.4,5,Distributed Solar Energy Consumption for Electricity:  Total,Trillion Btu,2014,4
SOT7BUS,201405,10.385,5,Distributed Solar Energy Consumption for Electricity:  Total,Trillion Btu,2014,5
SOT7BUS,201406,10.466,5,Distributed Solar Energy Consumption for Electricity:  Total,Trillion Btu,2014,6
SOT7BUS,201407,10.922,5,Distributed Solar Energy Consumption for Electricity:  Total,Trillion Btu,2014,7
SOT7BUS,201408,10.833,5,Distributed Solar Energy Consumption for Electricity:  Total,Trillion Btu,2014,8
SOT7BUS,201409,9.951,5,Distributed Solar Energy Consumption for Electricity:  Total,Trillion Btu,2014,9
SOT7BUS,201410,9.176,5,Distributed Solar Energy Consumption for Electricity:  Total,Trillion Btu,2014,10
SOT7BUS,201411,7.53,5,Distributed Solar Energy Consumption for Electricity:  Total,Trillion Btu,2014,11
SOT7BUS,201412,7.285,5,Distributed Solar Energy Consumption for Electricity:  Total,Trillion Btu,2014,12
SOT7BUS,201501,6.956,5,Distributed Solar Energy Consumption for Electricity:  Total,Trillion Btu,2015,1
SOT7BUS,201502,7.602,5,Distributed Solar Energy Consumption for Electricity:  Total,Trillion Btu,2015,2
SOT7BUS,201503,10.564,5,Distributed Solar Energy Consumption for Electricity:  Total,Trillion Btu,2015,3
SOT7BUS,201504,11.775,5,Distributed Solar Energy Consumption for Electricity:  Total,Trillion Btu,2015,4
SOT7BUS,201505,12.989,5,Distributed Solar Energy Consumption for Electricity:  Total,Trillion Btu,2015,5
SOT7BUS,201506,13.121,5,Distributed Solar Energy Consumption for Electricity:  Total,Trillion Btu,2015,6
SOT7BUS,201507,13.854,5,Distributed Solar Energy Consumption for Electricity:  Total,Trillion Btu,2015,7
SOT7BUS,201508,13.681,5,Distributed Solar Energy Consumption for Electricity:  Total,Trillion Btu,2015,8
SOT7BUS,201509,12.391,5,Distributed Solar Energy Consumption for Electricity:  Total,Trillion Btu,2015,9
SOT7BUS,201510,11.161,5,Distributed Solar Energy Consumption for Electricity:  Total,Trillion Btu,2015,10
SOT7BUS,201511,9.152,5,Distributed Solar Energy Consumption for Electricity:  Total,Trillion Btu,2015,11
SOT7BUS,201512,8.517,5,Distributed Solar Energy Consumption for Electricity:  Total,Trillion Btu,2015,12
SOT7BUS,201601,9.044,5,Distributed Solar Energy Consumption for Electricity:  Total,Trillion Btu,2016,1
SOT7BUS,201602,10.567,5,Distributed Solar Energy Consumption for Electricity:  Total,Trillion Btu,2016,2
SOT7BUS,201603,14.08,5,Distributed Solar Energy Consumption for Electricity:  Total,Trillion Btu,2016,3
SOT7BUS,201604,15.722,5,Distributed Solar Energy Consumption for Electricity:  Total,Trillion Btu,2016,4
SOT7BUS,201605,17.347,5,Distributed Solar Energy Consumption for Electricity:  Total,Trillion Btu,2016,5
SOT7BUS,201606,17.797,5,Distributed Solar Energy Consumption for Electricity:  Total,Trillion Btu,2016,6
SOT7BUS,201607,18.467,5,Distributed Solar Energy Consumption for Electricity:  Total,Trillion Btu,2016,7
SOT7BUS,201608,17.925,5,Distributed Solar Energy Consumption for Electricity:  Total,Trillion Btu,2016,8
SOT7BUS,201609,16.021,5,Distributed Solar Energy Consumption for Electricity:  Total,Trillion Btu,2016,9
SOT7BUS,201610,14.329,5,Distributed Solar Energy Consumption for Electricity:  Total,Trillion Btu,2016,10
SOT7BUS,201611,11.603,5,Distributed Solar Energy Consumption for Electricity:  Total,Trillion Btu,2016,11
SOT7BUS,201612,10.775,5,Distributed Solar Energy Consumption for Electricity:  Total,Trillion Btu,2016,12
SOT7BUS,201701,11.481,5,Distributed Solar Energy Consumption for Electricity:  Total,Trillion Btu,2017,1
SOT7BUS,201702,12.769,5,Distributed Solar Energy Consumption for Electricity:  Total,Trillion Btu,2017,2
SOT7BUS,201703,18.341,5,Distributed Solar Energy Consumption for Electricity:  Total,Trillion Btu,2017,3
SOT7BUS,201704,20.408,5,Distributed Solar Energy Consumption for Electricity:  Total,Trillion Btu,2017,4
SOT7BUS,201705,22.529,5,Distributed Solar Energy Consumption for Electricity:  Total,Trillion Btu,2017,5
SOT7BUS,201706,23.106,5,Distributed Solar Energy Consumption for Electricity:  Total,Trillion Btu,2017,6
SOT7BUS,201707,23.8,5,Distributed Solar Energy Consumption for Electricity:  Total,Trillion Btu,2017,7
SOT7BUS,201708,23.092,5,Distributed Solar Energy Consumption for Electricity:  Total,Trillion Btu,2017,8
SOT7BUS,201709,20.683,5,Distributed Solar Energy Consumption for Electricity:  Total,Trillion Btu,2017,9
SOT7BUS,201710,18.483,5,Distributed Solar Energy Consumption for Electricity:  Total,Trillion Btu,2017,10
SOT7BUS,201711,14.531,5,Distributed Solar Energy Consumption for Electricity:  Total,Trillion Btu,2017,11
SOT7BUS,201712,13.629,5,Distributed Solar Energy Consumption for Electricity:  Total,Trillion Btu,2017,12
SOT7BUS,201801,15.279,5,Distributed Solar Energy Consumption for Electricity:  Total,Trillion Btu,2018,1
SOT7BUS,201802,16.378,5,Distributed Solar Energy Consumption for Electricity:  Total,Trillion Btu,2018,2
SOT7BUS,201803,22.288,5,Distributed Solar Energy Consumption for Electricity:  Total,Trillion Btu,2018,3
SODTBUS,201201,6.267,6,Distributed Solar Energy Consumption:  Total,Trillion Btu,2012,1
SODTBUS,201202,6.755,6,Distributed Solar Energy Consumption:  Total,Trillion Btu,2012,2
SODTBUS,201203,9.307,6,Distributed Solar Energy Consumption:  Total,Trillion Btu,2012,3
SODTBUS,201204,10.258,6,Distributed Solar Energy Consumption:  Total,Trillion Btu,2012,4
SODTBUS,201205,11.325,6,Distributed Solar Energy Consumption:  Total,Trillion Btu,2012,5
SODTBUS,201206,11.427,6,Distributed Solar Energy Consumption:  Total,Trillion Btu,2012,6
SODTBUS,201207,11.995,6,Distributed Solar Energy Consumption:  Total,Trillion Btu,2012,7
SODTBUS,201208,11.871,6,Distributed Solar Energy Consumption:  Total,Trillion Btu,2012,8
SODTBUS,201209,10.827,6,Distributed Solar Energy Consumption:  Total,Trillion Btu,2012,9
SODTBUS,201210,9.868,6,Distributed Solar Energy Consumption:  Total,Trillion Btu,2012,10
SODTBUS,201211,8.094,6,Distributed Solar Energy Consumption:  Total,Trillion Btu,2012,11
SODTBUS,201212,7.683,6,Distributed Solar Energy Consumption:  Total,Trillion Btu,2012,12
SODTBUS,201301,7.493,6,Distributed Solar Energy Consumption:  Total,Trillion Btu,2013,1
SODTBUS,201302,8.077,6,Distributed Solar Energy Consumption:  Total,Trillion Btu,2013,2
SODTBUS,201303,11.129,6,Distributed Solar Energy Consumption:  Total,Trillion Btu,2013,3
SODTBUS,201304,12.266,6,Distributed Solar Energy Consumption:  Total,Trillion Btu,2013,4
SODTBUS,201305,13.541,6,Distributed Solar Energy Consumption:  Total,Trillion Btu,2013,5
SODTBUS,201306,13.663,6,Distributed Solar Energy Consumption:  Total,Trillion Btu,2013,6
SODTBUS,201307,14.343,6,Distributed Solar Energy Consumption:  Total,Trillion Btu,2013,7
SODTBUS,201308,14.194,6,Distributed Solar Energy Consumption:  Total,Trillion Btu,2013,8
SODTBUS,201309,12.946,6,Distributed Solar Energy Consumption:  Total,Trillion Btu,2013,9
SODTBUS,201310,11.799,6,Distributed Solar Energy Consumption:  Total,Trillion Btu,2013,10
SODTBUS,201311,9.678,6,Distributed Solar Energy Consumption:  Total,Trillion Btu,2013,11
SODTBUS,201312,9.187,6,Distributed Solar Energy Consumption:  Total,Trillion Btu,2013,12
SODTBUS,201401,9.372,6,Distributed Solar Energy Consumption:  Total,Trillion Btu,2014,1
SODTBUS,201402,9.97,6,Distributed Solar Energy Consumption:  Total,Trillion Btu,2014,2
SODTBUS,201403,13.622,6,Distributed Solar Energy Consumption:  Total,Trillion Btu,2014,3
SODTBUS,201404,14.845,6,Distributed Solar Energy Consumption:  Total,Trillion Btu,2014,4
SODTBUS,201405,16.4,6,Distributed Solar Energy Consumption:  Total,Trillion Btu,2014,5
SODTBUS,201406,16.529,6,Distributed Solar Energy Consumption:  Total,Trillion Btu,2014,6
SODTBUS,201407,17.249,6,Distributed Solar Energy Consumption:  Total,Trillion Btu,2014,7
SODTBUS,201408,17.108,6,Distributed Solar Energy Consumption:  Total,Trillion Btu,2014,8
SODTBUS,201409,15.715,6,Distributed Solar Energy Consumption:  Total,Trillion Btu,2014,9
SODTBUS,201410,14.491,6,Distributed Solar Energy Consumption:  Total,Trillion Btu,2014,10
SODTBUS,201411,11.892,6,Distributed Solar Energy Consumption:  Total,Trillion Btu,2014,11
SODTBUS,201412,11.505,6,Distributed Solar Energy Consumption:  Total,Trillion Btu,2014,12
SODTBUS,201501,10.229,6,Distributed Solar Energy Consumption:  Total,Trillion Btu,2015,1
SODTBUS,201502,11.178,6,Distributed Solar Energy Consumption:  Total,Trillion Btu,2015,2
SODTBUS,201503,15.533,6,Distributed Solar Energy Consumption:  Total,Trillion Btu,2015,3
SODTBUS,201504,17.314,6,Distributed Solar Energy Consumption:  Total,Trillion Btu,2015,4
SODTBUS,201505,19.1,6,Distributed Solar Energy Consumption:  Total,Trillion Btu,2015,5
SODTBUS,201506,19.294,6,Distributed Solar Energy Consumption:  Total,Trillion Btu,2015,6
SODTBUS,201507,20.372,6,Distributed Solar Energy Consumption:  Total,Trillion Btu,2015,7
SODTBUS,201508,20.117,6,Distributed Solar Energy Consumption:  Total,Trillion Btu,2015,8
SODTBUS,201509,18.22,6,Distributed Solar Energy Consumption:  Total,Trillion Btu,2015,9
SODTBUS,201510,16.412,6,Distributed Solar Energy Consumption:  Total,Trillion Btu,2015,10
SODTBUS,201511,13.457,6,Distributed Solar Energy Consumption:  Total,Trillion Btu,2015,11
SODTBUS,201512,12.524,6,Distributed Solar Energy Consumption:  Total,Trillion Btu,2015,12
SODTBUS,201601,12.279,6,Distributed Solar Energy Consumption:  Total,Trillion Btu,2016,1
SODTBUS,201602,14.347,6,Distributed Solar Energy Consumption:  Total,Trillion Btu,2016,2
SODTBUS,201603,19.118,6,Distributed Solar Energy Consumption:  Total,Trillion Btu,2016,3
SODTBUS,201604,21.346,6,Distributed Solar Energy Consumption:  Total,Trillion Btu,2016,4
SODTBUS,201605,23.553,6,Distributed Solar Energy Consumption:  Total,Trillion Btu,2016,5
SODTBUS,201606,24.165,6,Distributed Solar Energy Consumption:  Total,Trillion Btu,2016,6
SODTBUS,201607,25.074,6,Distributed Solar Energy Consumption:  Total,Trillion Btu,2016,7
SODTBUS,201608,24.339,6,Distributed Solar Energy Consumption:  Total,Trillion Btu,2016,8
SODTBUS,201609,21.753,6,Distributed Solar Energy Consumption:  Total,Trillion Btu,2016,9
SODTBUS,201610,19.455,6,Distributed Solar Energy Consumption:  Total,Trillion Btu,2016,10
SODTBUS,201611,15.755,6,Distributed Solar Energy Consumption:  Total,Trillion Btu,2016,11
SODTBUS,201612,14.63,6,Distributed Solar Energy Consumption:  Total,Trillion Btu,2016,12
SODTBUS,201701,14.702,6,Distributed Solar Energy Consumption:  Total,Trillion Btu,2017,1
SODTBUS,201702,16.352,6,Distributed Solar Energy Consumption:  Total,Trillion Btu,2017,2
SODTBUS,201703,23.487,6,Distributed Solar Energy Consumption:  Total,Trillion Btu,2017,3
SODTBUS,201704,26.133,6,Distributed Solar Energy Consumption:  Total,Trillion Btu,2017,4
SODTBUS,201705,28.85,6,Distributed Solar Energy Consumption:  Total,Trillion Btu,2017,5
SODTBUS,201706,29.588,6,Distributed Solar Energy Consumption:  Total,Trillion Btu,2017,6
SODTBUS,201707,30.477,6,Distributed Solar Energy Consumption:  Total,Trillion Btu,2017,7
SODTBUS,201708,29.57,6,Distributed Solar Energy Consumption:  Total,Trillion Btu,2017,8
SODTBUS,201709,26.486,6,Distributed Solar Energy Consumption:  Total,Trillion Btu,2017,9
SODTBUS,201710,23.668,6,Distributed Solar Energy Consumption:  Total,Trillion Btu,2017,10
SODTBUS,201711,18.608,6,Distributed Solar Energy Consumption:  Total,Trillion Btu,2017,11
SODTBUS,201712,17.452,6,Distributed Solar Energy Consumption:  Total,Trillion Btu,2017,12
SODTBUS,201801,18.517,6,Distributed Solar Energy Consumption:  Total,Trillion Btu,2018,1
SODTBUS,201802,19.979,6,Distributed Solar Energy Consumption:  Total,Trillion Btu,2018,2
SODTBUS,201803,27.461,6,Distributed Solar Energy Consumption:  Total,Trillion Btu,2018,3
SOC5BUS,201201,0.033,7,Utility-Scale Solar Energy Consumption for Electricity: Commercial Sector,Trillion Btu,2012,1
SOC5BUS,201202,0.051,7,Utility-Scale Solar Energy Consumption for Electricity: Commercial Sector,Trillion Btu,2012,2
SOC5BUS,201203,0.085,7,Utility-Scale Solar Energy Consumption for Electricity: Commercial Sector,Trillion Btu,2012,3
SOC5BUS,201204,0.12,7,Utility-Scale Solar Energy Consumption for Electricity: Commercial Sector,Trillion Btu,2012,4
SOC5BUS,201205,0.154,7,Utility-Scale Solar Energy Consumption for Electricity: Commercial Sector,Trillion Btu,2012,5
SOC5BUS,201206,0.168,7,Utility-Scale Solar Energy Consumption for Electricity: Commercial Sector,Trillion Btu,2012,6
SOC5BUS,201207,0.154,7,Utility-Scale Solar Energy Consumption for Electricity: Commercial Sector,Trillion Btu,2012,7
SOC5BUS,201208,0.141,7,Utility-Scale Solar Energy Consumption for Electricity: Commercial Sector,Trillion Btu,2012,8
SOC5BUS,201209,0.167,7,Utility-Scale Solar Energy Consumption for Electricity: Commercial Sector,Trillion Btu,2012,9
SOC5BUS,201210,0.144,7,Utility-Scale Solar Energy Consumption for Electricity: Commercial Sector,Trillion Btu,2012,10
SOC5BUS,201211,0.106,7,Utility-Scale Solar Energy Consumption for Electricity: Commercial Sector,Trillion Btu,2012,11
SOC5BUS,201212,0.089,7,Utility-Scale Solar Energy Consumption for Electricity: Commercial Sector,Trillion Btu,2012,12
SOC5BUS,201301,0.088,7,Utility-Scale Solar Energy Consumption for Electricity: Commercial Sector,Trillion Btu,2013,1
SOC5BUS,201302,0.142,7,Utility-Scale Solar Energy Consumption for Electricity: Commercial Sector,Trillion Btu,2013,2
SOC5BUS,201303,0.208,7,Utility-Scale Solar Energy Consumption for Electricity: Commercial Sector,Trillion Btu,2013,3
SOC5BUS,201304,0.24,7,Utility-Scale Solar Energy Consumption for Electricity: Commercial Sector,Trillion Btu,2013,4
SOC5BUS,201305,0.261,7,Utility-Scale Solar Energy Consumption for Electricity: Commercial Sector,Trillion Btu,2013,5
SOC5BUS,201306,0.283,7,Utility-Scale Solar Energy Consumption for Electricity: Commercial Sector,Trillion Btu,2013,6
SOC5BUS,201307,0.265,7,Utility-Scale Solar Energy Consumption for Electricity: Commercial Sector,Trillion Btu,2013,7
SOC5BUS,201308,0.275,7,Utility-Scale Solar Energy Consumption for Electricity: Commercial Sector,Trillion Btu,2013,8
SOC5BUS,201309,0.288,7,Utility-Scale Solar Energy Consumption for Electricity: Commercial Sector,Trillion Btu,2013,9
SOC5BUS,201310,0.301,7,Utility-Scale Solar Energy Consumption for Electricity: Commercial Sector,Trillion Btu,2013,10
SOC5BUS,201311,0.233,7,Utility-Scale Solar Energy Consumption for Electricity: Commercial Sector,Trillion Btu,2013,11
SOC5BUS,201312,0.221,7,Utility-Scale Solar Energy Consumption for Electricity: Commercial Sector,Trillion Btu,2013,12
SOC5BUS,201401,0.156,7,Utility-Scale Solar Energy Consumption for Electricity: Commercial Sector,Trillion Btu,2014,1
SOC5BUS,201402,0.192,7,Utility-Scale Solar Energy Consumption for Electricity: Commercial Sector,Trillion Btu,2014,2
SOC5BUS,201403,0.279,7,Utility-Scale Solar Energy Consumption for Electricity: Commercial Sector,Trillion Btu,2014,3
SOC5BUS,201404,0.31,7,Utility-Scale Solar Energy Consumption for Electricity: Commercial Sector,Trillion Btu,2014,4
SOC5BUS,201405,0.36,7,Utility-Scale Solar Energy Consumption for Electricity: Commercial Sector,Trillion Btu,2014,5
SOC5BUS,201406,0.369,7,Utility-Scale Solar Energy Consumption for Electricity: Commercial Sector,Trillion Btu,2014,6
SOC5BUS,201407,0.359,7,Utility-Scale Solar Energy Consumption for Electricity: Commercial Sector,Trillion Btu,2014,7
SOC5BUS,201408,0.371,7,Utility-Scale Solar Energy Consumption for Electricity: Commercial Sector,Trillion Btu,2014,8
SOC5BUS,201409,0.335,7,Utility-Scale Solar Energy Consumption for Electricity: Commercial Sector,Trillion Btu,2014,9
SOC5BUS,201410,0.339,7,Utility-Scale Solar Energy Consumption for Electricity: Commercial Sector,Trillion Btu,2014,10
SOC5BUS,201411,0.262,7,Utility-Scale Solar Energy Consumption for Electricity: Commercial Sector,Trillion Btu,2014,11
SOC5BUS,201412,0.193,7,Utility-Scale Solar Energy Consumption for Electricity: Commercial Sector,Trillion Btu,2014,12
SOC5BUS,201501,0.189,7,Utility-Scale Solar Energy Consumption for Electricity: Commercial Sector,Trillion Btu,2015,1
SOC5BUS,201502,0.215,7,Utility-Scale Solar Energy Consumption for Electricity: Commercial Sector,Trillion Btu,2015,2
SOC5BUS,201503,0.309,7,Utility-Scale Solar Energy Consumption for Electricity: Commercial Sector,Trillion Btu,2015,3
SOC5BUS,201504,0.365,7,Utility-Scale Solar Energy Consumption for Electricity: Commercial Sector,Trillion Btu,2015,4
SOC5BUS,201505,0.427,7,Utility-Scale Solar Energy Consumption for Electricity: Commercial Sector,Trillion Btu,2015,5
SOC5BUS,201506,0.405,7,Utility-Scale Solar Energy Consumption for Electricity: Commercial Sector,Trillion Btu,2015,6
SOC5BUS,201507,0.423,7,Utility-Scale Solar Energy Consumption for Electricity: Commercial Sector,Trillion Btu,2015,7
SOC5BUS,201508,0.427,7,Utility-Scale Solar Energy Consumption for Electricity: Commercial Sector,Trillion Btu,2015,8
SOC5BUS,201509,0.349,7,Utility-Scale Solar Energy Consumption for Electricity: Commercial Sector,Trillion Btu,2015,9
SOC5BUS,201510,0.303,7,Utility-Scale Solar Energy Consumption for Electricity: Commercial Sector,Trillion Btu,2015,10
SOC5BUS,201511,0.249,7,Utility-Scale Solar Energy Consumption for Electricity: Commercial Sector,Trillion Btu,2015,11
SOC5BUS,201512,0.22,7,Utility-Scale Solar Energy Consumption for Electricity: Commercial Sector,Trillion Btu,2015,12
SOC5BUS,201601,0.242,7,Utility-Scale Solar Energy Consumption for Electricity: Commercial Sector,Trillion Btu,2016,1
SOC5BUS,201602,0.36,7,Utility-Scale Solar Energy Consumption for Electricity: Commercial Sector,Trillion Btu,2016,2
SOC5BUS,201603,0.411,7,Utility-Scale Solar Energy Consumption for Electricity: Commercial Sector,Trillion Btu,2016,3
SOC5BUS,201604,0.426,7,Utility-Scale Solar Energy Consumption for Electricity: Commercial Sector,Trillion Btu,2016,4
SOC5BUS,201605,0.44,7,Utility-Scale Solar Energy Consumption for Electricity: Commercial Sector,Trillion Btu,2016,5
SOC5BUS,201606,0.488,7,Utility-Scale Solar Energy Consumption for Electricity: Commercial Sector,Trillion Btu,2016,6
SOC5BUS,201607,0.511,7,Utility-Scale Solar Energy Consumption for Electricity: Commercial Sector,Trillion Btu,2016,7
SOC5BUS,201608,0.534,7,Utility-Scale Solar Energy Consumption for Electricity: Commercial Sector,Trillion Btu,2016,8
SOC5BUS,201609,0.447,7,Utility-Scale Solar Energy Consumption for Electricity: Commercial Sector,Trillion Btu,2016,9
SOC5BUS,201610,0.392,7,Utility-Scale Solar Energy Consumption for Electricity: Commercial Sector,Trillion Btu,2016,10
SOC5BUS,201611,0.33,7,Utility-Scale Solar Energy Consumption for Electricity: Commercial Sector,Trillion Btu,2016,11
SOC5BUS,201612,0.306,7,Utility-Scale Solar Energy Consumption for Electricity: Commercial Sector,Trillion Btu,2016,12
SOC5BUS,201701,0.205,7,Utility-Scale Solar Energy Consumption for Electricity: Commercial Sector,Trillion Btu,2017,1
SOC5BUS,201702,0.241,7,Utility-Scale Solar Energy Consumption for Electricity: Commercial Sector,Trillion Btu,2017,2
SOC5BUS,201703,0.447,7,Utility-Scale Solar Energy Consumption for Electricity: Commercial Sector,Trillion Btu,2017,3
SOC5BUS,201704,0.464,7,Utility-Scale Solar Energy Consumption for Electricity: Commercial Sector,Trillion Btu,2017,4
SOC5BUS,201705,0.599,7,Utility-Scale Solar Energy Consumption for Electricity: Commercial Sector,Trillion Btu,2017,5
SOC5BUS,201706,0.653,7,Utility-Scale Solar Energy Consumption for Electricity: Commercial Sector,Trillion Btu,2017,6
SOC5BUS,201707,0.579,7,Utility-Scale Solar Energy Consumption for Electricity: Commercial Sector,Trillion Btu,2017,7
SOC5BUS,201708,0.555,7,Utility-Scale Solar Energy Consumption for Electricity: Commercial Sector,Trillion Btu,2017,8
SOC5BUS,201709,0.54,7,Utility-Scale Solar Energy Consumption for Electricity: Commercial Sector,Trillion Btu,2017,9
SOC5BUS,201710,0.493,7,Utility-Scale Solar Energy Consumption for Electricity: Commercial Sector,Trillion Btu,2017,10
SOC5BUS,201711,0.289,7,Utility-Scale Solar Energy Consumption for Electricity: Commercial Sector,Trillion Btu,2017,11
SOC5BUS,201712,0.268,7,Utility-Scale Solar Energy Consumption for Electricity: Commercial Sector,Trillion Btu,2017,12
SOC5BUS,201801,0.268,7,Utility-Scale Solar Energy Consumption for Electricity: Commercial Sector,Trillion Btu,2018,1
SOC5BUS,201802,0.356,7,Utility-Scale Solar Energy Consumption for Electricity: Commercial Sector,Trillion Btu,2018,2
SOC5BUS,201803,0.425,7,Utility-Scale Solar Energy Consumption for Electricity: Commercial Sector,Trillion Btu,2018,3
SOI5BUS,201201,0.006,8,Utility-Scale Solar Energy Consumption for Electricity: Industrial Sector,Trillion Btu,2012,1
SOI5BUS,201202,0.007,8,Utility-Scale Solar Energy Consumption for Electricity: Industrial Sector,Trillion Btu,2012,2
SOI5BUS,201203,0.009,8,Utility-Scale Solar Energy Consumption for Electricity: Industrial Sector,Trillion Btu,2012,3
SOI5BUS,201204,0.012,8,Utility-Scale Solar Energy Consumption for Electricity: Industrial Sector,Trillion Btu,2012,4
SOI5BUS,201205,0.012,8,Utility-Scale Solar Energy Consumption for Electricity: Industrial Sector,Trillion Btu,2012,5
SOI5BUS,201206,0.013,8,Utility-Scale Solar Energy Consumption for Electricity: Industrial Sector,Trillion Btu,2012,6
SOI5BUS,201207,0.017,8,Utility-Scale Solar Energy Consumption for Electricity: Industrial Sector,Trillion Btu,2012,7
SOI5BUS,201208,0.016,8,Utility-Scale Solar Energy Consumption for Electricity: Industrial Sector,Trillion Btu,2012,8
SOI5BUS,201209,0.015,8,Utility-Scale Solar Energy Consumption for Electricity: Industrial Sector,Trillion Btu,2012,9
SOI5BUS,201210,0.012,8,Utility-Scale Solar Energy Consumption for Electricity: Industrial Sector,Trillion Btu,2012,10
SOI5BUS,201211,0.01,8,Utility-Scale Solar Energy Consumption for Electricity: Industrial Sector,Trillion Btu,2012,11
SOI5BUS,201212,0.007,8,Utility-Scale Solar Energy Consumption for Electricity: Industrial Sector,Trillion Btu,2012,12
SOI5BUS,201301,0.007,8,Utility-Scale Solar Energy Consumption for Electricity: Industrial Sector,Trillion Btu,2013,1
SOI5BUS,201302,0.009,8,Utility-Scale Solar Energy Consumption for Electricity: Industrial Sector,Trillion Btu,2013,2
SOI5BUS,201303,0.013,8,Utility-Scale Solar Energy Consumption for Electricity: Industrial Sector,Trillion Btu,2013,3
SOI5BUS,201304,0.016,8,Utility-Scale Solar Energy Consumption for Electricity: Industrial Sector,Trillion Btu,2013,4
SOI5BUS,201305,0.016,8,Utility-Scale Solar Energy Consumption for Electricity: Industrial Sector,Trillion Btu,2013,5
SOI5BUS,201306,0.017,8,Utility-Scale Solar Energy Consumption for Electricity: Industrial Sector,Trillion Btu,2013,6
SOI5BUS,201307,0.016,8,Utility-Scale Solar Energy Consumption for Electricity: Industrial Sector,Trillion Btu,2013,7
SOI5BUS,201308,0.016,8,Utility-Scale Solar Energy Consumption for Electricity: Industrial Sector,Trillion Btu,2013,8
SOI5BUS,201309,0.017,8,Utility-Scale Solar Energy Consumption for Electricity: Industrial Sector,Trillion Btu,2013,9
SOI5BUS,201310,0.015,8,Utility-Scale Solar Energy Consumption for Electricity: Industrial Sector,Trillion Btu,2013,10
SOI5BUS,201311,0.012,8,Utility-Scale Solar Energy Consumption for Electricity: Industrial Sector,Trillion Btu,2013,11
SOI5BUS,201312,0.011,8,Utility-Scale Solar Energy Consumption for Electricity: Industrial Sector,Trillion Btu,2013,12
SOI5BUS,201401,0.007,8,Utility-Scale Solar Energy Consumption for Electricity: Industrial Sector,Trillion Btu,2014,1
SOI5BUS,201402,0.009,8,Utility-Scale Solar Energy Consumption for Electricity: Industrial Sector,Trillion Btu,2014,2
SOI5BUS,201403,0.013,8,Utility-Scale Solar Energy Consumption for Electricity: Industrial Sector,Trillion Btu,2014,3
SOI5BUS,201404,0.015,8,Utility-Scale Solar Energy Consumption for Electricity: Industrial Sector,Trillion Btu,2014,4
SOI5BUS,201405,0.016,8,Utility-Scale Solar Energy Consumption for Electricity: Industrial Sector,Trillion Btu,2014,5
SOI5BUS,201406,0.017,8,Utility-Scale Solar Energy Consumption for Electricity: Industrial Sector,Trillion Btu,2014,6
SOI5BUS,201407,0.017,8,Utility-Scale Solar Energy Consumption for Electricity: Industrial Sector,Trillion Btu,2014,7
SOI5BUS,201408,0.017,8,Utility-Scale Solar Energy Consumption for Electricity: Industrial Sector,Trillion Btu,2014,8
SOI5BUS,201409,0.015,8,Utility-Scale Solar Energy Consumption for Electricity: Industrial Sector,Trillion Btu,2014,9
SOI5BUS,201410,0.013,8,Utility-Scale Solar Energy Consumption for Electricity: Industrial Sector,Trillion Btu,2014,10
SOI5BUS,201411,0.011,8,Utility-Scale Solar Energy Consumption for Electricity: Industrial Sector,Trillion Btu,2014,11
SOI5BUS,201412,0.007,8,Utility-Scale Solar Energy Consumption for Electricity: Industrial Sector,Trillion Btu,2014,12
SOI5BUS,201501,0.009,8,Utility-Scale Solar Energy Consumption for Electricity: Industrial Sector,Trillion Btu,2015,1
SOI5BUS,201502,0.011,8,Utility-Scale Solar Energy Consumption for Electricity: Industrial Sector,Trillion Btu,2015,2
SOI5BUS,201503,0.017,8,Utility-Scale Solar Energy Consumption for Electricity: Industrial Sector,Trillion Btu,2015,3
SOI5BUS,201504,0.02,8,Utility-Scale Solar Energy Consumption for Electricity: Industrial Sector,Trillion Btu,2015,4
SOI5BUS,201505,0.021,8,Utility-Scale Solar Energy Consumption for Electricity: Industrial Sector,Trillion Btu,2015,5
SOI5BUS,201506,0.02,8,Utility-Scale Solar Energy Consumption for Electricity: Industrial Sector,Trillion Btu,2015,6
SOI5BUS,201507,0.021,8,Utility-Scale Solar Energy Consumption for Electricity: Industrial Sector,Trillion Btu,2015,7
SOI5BUS,201508,0.022,8,Utility-Scale Solar Energy Consumption for Electricity: Industrial Sector,Trillion Btu,2015,8
SOI5BUS,201509,0.018,8,Utility-Scale Solar Energy Consumption for Electricity: Industrial Sector,Trillion Btu,2015,9
SOI5BUS,201510,0.016,8,Utility-Scale Solar Energy Consumption for Electricity: Industrial Sector,Trillion Btu,2015,10
SOI5BUS,201511,0.013,8,Utility-Scale Solar Energy Consumption for Electricity: Industrial Sector,Trillion Btu,2015,11
SOI5BUS,201512,0.009,8,Utility-Scale Solar Energy Consumption for Electricity: Industrial Sector,Trillion Btu,2015,12
SOI5BUS,201601,0.013,8,Utility-Scale Solar Energy Consumption for Electricity: Industrial Sector,Trillion Btu,2016,1
SOI5BUS,201602,0.019,8,Utility-Scale Solar Energy Consumption for Electricity: Industrial Sector,Trillion Btu,2016,2
SOI5BUS,201603,0.02,8,Utility-Scale Solar Energy Consumption for Electricity: Industrial Sector,Trillion Btu,2016,3
SOI5BUS,201604,0.023,8,Utility-Scale Solar Energy Consumption for Electricity: Industrial Sector,Trillion Btu,2016,4
SOI5BUS,201605,0.024,8,Utility-Scale Solar Energy Consumption for Electricity: Industrial Sector,Trillion Btu,2016,5
SOI5BUS,201606,0.027,8,Utility-Scale Solar Energy Consumption for Electricity: Industrial Sector,Trillion Btu,2016,6
SOI5BUS,201607,0.028,8,Utility-Scale Solar Energy Consumption for Electricity: Industrial Sector,Trillion Btu,2016,7
SOI5BUS,201608,0.027,8,Utility-Scale Solar Energy Consumption for Electricity: Industrial Sector,Trillion Btu,2016,8
SOI5BUS,201609,0.022,8,Utility-Scale Solar Energy Consumption for Electricity: Industrial Sector,Trillion Btu,2016,9
SOI5BUS,201610,0.02,8,Utility-Scale Solar Energy Consumption for Electricity: Industrial Sector,Trillion Btu,2016,10
SOI5BUS,201611,0.018,8,Utility-Scale Solar Energy Consumption for Electricity: Industrial Sector,Trillion Btu,2016,11
SOI5BUS,201612,0.013,8,Utility-Scale Solar Energy Consumption for Electricity: Industrial Sector,Trillion Btu,2016,12
SOI5BUS,201701,0.013,8,Utility-Scale Solar Energy Consumption for Electricity: Industrial Sector,Trillion Btu,2017,1
SOI5BUS,201702,0.014,8,Utility-Scale Solar Energy Consumption for Electricity: Industrial Sector,Trillion Btu,2017,2
SOI5BUS,201703,0.025,8,Utility-Scale Solar Energy Consumption for Electricity: Industrial Sector,Trillion Btu,2017,3
SOI5BUS,201704,0.026,8,Utility-Scale Solar Energy Consumption for Electricity: Industrial Sector,Trillion Btu,2017,4
SOI5BUS,201705,0.035,8,Utility-Scale Solar Energy Consumption for Electricity: Industrial Sector,Trillion Btu,2017,5
SOI5BUS,201706,0.072,8,Utility-Scale Solar Energy Consumption for Electricity: Industrial Sector,Trillion Btu,2017,6
SOI5BUS,201707,0.066,8,Utility-Scale Solar Energy Consumption for Electricity: Industrial Sector,Trillion Btu,2017,7
SOI5BUS,201708,0.064,8,Utility-Scale Solar Energy Consumption for Electricity: Industrial Sector,Trillion Btu,2017,8
SOI5BUS,201709,0.06,8,Utility-Scale Solar Energy Consumption for Electricity: Industrial Sector,Trillion Btu,2017,9
SOI5BUS,201710,0.055,8,Utility-Scale Solar Energy Consumption for Electricity: Industrial Sector,Trillion Btu,2017,10
SOI5BUS,201711,0.034,8,Utility-Scale Solar Energy Consumption for Electricity: Industrial Sector,Trillion Btu,2017,11
SOI5BUS,201712,0.032,8,Utility-Scale Solar Energy Consumption for Electricity: Industrial Sector,Trillion Btu,2017,12
SOI5BUS,201801,0.033,8,Utility-Scale Solar Energy Consumption for Electricity: Industrial Sector,Trillion Btu,2018,1
SOI5BUS,201802,0.048,8,Utility-Scale Solar Energy Consumption for Electricity: Industrial Sector,Trillion Btu,2018,2
SOI5BUS,201803,0.058,8,Utility-Scale Solar Energy Consumption for Electricity: Industrial Sector,Trillion Btu,2018,3
SOEGBUS,201201,0.868,9,Utility-Scale Solar Energy Consumption for Electricity:  Electric Power Sector ,Trillion Btu,2012,1
SOEGBUS,201202,1.229,9,Utility-Scale Solar Energy Consumption for Electricity:  Electric Power Sector ,Trillion Btu,2012,2
SOEGBUS,201203,2.106,9,Utility-Scale Solar Energy Consumption for Electricity:  Electric Power Sector ,Trillion Btu,2012,3
SOEGBUS,201204,2.901,9,Utility-Scale Solar Energy Consumption for Electricity:  Electric Power Sector ,Trillion Btu,2012,4
SOEGBUS,201205,4.236,9,Utility-Scale Solar Energy Consumption for Electricity:  Electric Power Sector ,Trillion Btu,2012,5
SOEGBUS,201206,4.834,9,Utility-Scale Solar Energy Consumption for Electricity:  Electric Power Sector ,Trillion Btu,2012,6
SOEGBUS,201207,4.678,9,Utility-Scale Solar Energy Consumption for Electricity:  Electric Power Sector ,Trillion Btu,2012,7
SOEGBUS,201208,4.234,9,Utility-Scale Solar Energy Consumption for Electricity:  Electric Power Sector ,Trillion Btu,2012,8
SOEGBUS,201209,4.177,9,Utility-Scale Solar Energy Consumption for Electricity:  Electric Power Sector ,Trillion Btu,2012,9
SOEGBUS,201210,3.949,9,Utility-Scale Solar Energy Consumption for Electricity:  Electric Power Sector ,Trillion Btu,2012,10
SOEGBUS,201211,3.189,9,Utility-Scale Solar Energy Consumption for Electricity:  Electric Power Sector ,Trillion Btu,2012,11
SOEGBUS,201212,3.223,9,Utility-Scale Solar Energy Consumption for Electricity:  Electric Power Sector ,Trillion Btu,2012,12
SOEGBUS,201301,2.861,9,Utility-Scale Solar Energy Consumption for Electricity:  Electric Power Sector ,Trillion Btu,2013,1
SOEGBUS,201302,3.977,9,Utility-Scale Solar Energy Consumption for Electricity:  Electric Power Sector ,Trillion Btu,2013,2
SOEGBUS,201303,5.689,9,Utility-Scale Solar Energy Consumption for Electricity:  Electric Power Sector ,Trillion Btu,2013,3
SOEGBUS,201304,6.105,9,Utility-Scale Solar Energy Consumption for Electricity:  Electric Power Sector ,Trillion Btu,2013,4
SOEGBUS,201305,6.905,9,Utility-Scale Solar Energy Consumption for Electricity:  Electric Power Sector ,Trillion Btu,2013,5
SOEGBUS,201306,8.007,9,Utility-Scale Solar Energy Consumption for Electricity:  Electric Power Sector ,Trillion Btu,2013,6
SOEGBUS,201307,7.627,9,Utility-Scale Solar Energy Consumption for Electricity:  Electric Power Sector ,Trillion Btu,2013,7
SOEGBUS,201308,8.716,9,Utility-Scale Solar Energy Consumption for Electricity:  Electric Power Sector ,Trillion Btu,2013,8
SOEGBUS,201309,8.748,9,Utility-Scale Solar Energy Consumption for Electricity:  Electric Power Sector ,Trillion Btu,2013,9
SOEGBUS,201310,9.107,9,Utility-Scale Solar Energy Consumption for Electricity:  Electric Power Sector ,Trillion Btu,2013,10
SOEGBUS,201311,7.62,9,Utility-Scale Solar Energy Consumption for Electricity:  Electric Power Sector ,Trillion Btu,2013,11
SOEGBUS,201312,7.879,9,Utility-Scale Solar Energy Consumption for Electricity:  Electric Power Sector ,Trillion Btu,2013,12
SOEGBUS,201401,6.981,9,Utility-Scale Solar Energy Consumption for Electricity:  Electric Power Sector ,Trillion Btu,2014,1
SOEGBUS,201402,7.74,9,Utility-Scale Solar Energy Consumption for Electricity:  Electric Power Sector ,Trillion Btu,2014,2
SOEGBUS,201403,12.234,9,Utility-Scale Solar Energy Consumption for Electricity:  Electric Power Sector ,Trillion Btu,2014,3
SOEGBUS,201404,13.817,9,Utility-Scale Solar Energy Consumption for Electricity:  Electric Power Sector ,Trillion Btu,2014,4
SOEGBUS,201405,16.263,9,Utility-Scale Solar Energy Consumption for Electricity:  Electric Power Sector ,Trillion Btu,2014,5
SOEGBUS,201406,17.905,9,Utility-Scale Solar Energy Consumption for Electricity:  Electric Power Sector ,Trillion Btu,2014,6
SOEGBUS,201407,16.626,9,Utility-Scale Solar Energy Consumption for Electricity:  Electric Power Sector ,Trillion Btu,2014,7
SOEGBUS,201408,17.486,9,Utility-Scale Solar Energy Consumption for Electricity:  Electric Power Sector ,Trillion Btu,2014,8
SOEGBUS,201409,17.075,9,Utility-Scale Solar Energy Consumption for Electricity:  Electric Power Sector ,Trillion Btu,2014,9
SOEGBUS,201410,15.976,9,Utility-Scale Solar Energy Consumption for Electricity:  Electric Power Sector ,Trillion Btu,2014,10
SOEGBUS,201411,12.847,9,Utility-Scale Solar Energy Consumption for Electricity:  Electric Power Sector ,Trillion Btu,2014,11
SOEGBUS,201412,9.612,9,Utility-Scale Solar Energy Consumption for Electricity:  Electric Power Sector ,Trillion Btu,2014,12
SOEGBUS,201501,10.569,9,Utility-Scale Solar Energy Consumption for Electricity:  Electric Power Sector ,Trillion Btu,2015,1
SOEGBUS,201502,13.6,9,Utility-Scale Solar Energy Consumption for Electricity:  Electric Power Sector ,Trillion Btu,2015,2
SOEGBUS,201503,18.986,9,Utility-Scale Solar Energy Consumption for Electricity:  Electric Power Sector ,Trillion Btu,2015,3
SOEGBUS,201504,21.786,9,Utility-Scale Solar Energy Consumption for Electricity:  Electric Power Sector ,Trillion Btu,2015,4
SOEGBUS,201505,22.888,9,Utility-Scale Solar Energy Consumption for Electricity:  Electric Power Sector ,Trillion Btu,2015,5
SOEGBUS,201506,23.41,9,Utility-Scale Solar Energy Consumption for Electricity:  Electric Power Sector ,Trillion Btu,2015,6
SOEGBUS,201507,24.038,9,Utility-Scale Solar Energy Consumption for Electricity:  Electric Power Sector ,Trillion Btu,2015,7
SOEGBUS,201508,24.596,9,Utility-Scale Solar Energy Consumption for Electricity:  Electric Power Sector ,Trillion Btu,2015,8
SOEGBUS,201509,20.294,9,Utility-Scale Solar Energy Consumption for Electricity:  Electric Power Sector ,Trillion Btu,2015,9
SOEGBUS,201510,17.477,9,Utility-Scale Solar Energy Consumption for Electricity:  Electric Power Sector ,Trillion Btu,2015,10
SOEGBUS,201511,15.857,9,Utility-Scale Solar Energy Consumption for Electricity:  Electric Power Sector ,Trillion Btu,2015,11
SOEGBUS,201512,14.4,9,Utility-Scale Solar Energy Consumption for Electricity:  Electric Power Sector ,Trillion Btu,2015,12
SOEGBUS,201601,13.462,9,Utility-Scale Solar Energy Consumption for Electricity:  Electric Power Sector ,Trillion Btu,2016,1
SOEGBUS,201602,20.315,9,Utility-Scale Solar Energy Consumption for Electricity:  Electric Power Sector ,Trillion Btu,2016,2
SOEGBUS,201603,23.733,9,Utility-Scale Solar Energy Consumption for Electricity:  Electric Power Sector ,Trillion Btu,2016,3
SOEGBUS,201604,26.137,9,Utility-Scale Solar Energy Consumption for Electricity:  Electric Power Sector ,Trillion Btu,2016,4
SOEGBUS,201605,31.158,9,Utility-Scale Solar Energy Consumption for Electricity:  Electric Power Sector ,Trillion Btu,2016,5
SOEGBUS,201606,31.552,9,Utility-Scale Solar Energy Consumption for Electricity:  Electric Power Sector ,Trillion Btu,2016,6
SOEGBUS,201607,35.88,9,Utility-Scale Solar Energy Consumption for Electricity:  Electric Power Sector ,Trillion Btu,2016,7
SOEGBUS,201608,36.082,9,Utility-Scale Solar Energy Consumption for Electricity:  Electric Power Sector ,Trillion Btu,2016,8
SOEGBUS,201609,33.089,9,Utility-Scale Solar Energy Consumption for Electricity:  Electric Power Sector ,Trillion Btu,2016,9
SOEGBUS,201610,29.049,9,Utility-Scale Solar Energy Consumption for Electricity:  Electric Power Sector ,Trillion Btu,2016,10
SOEGBUS,201611,25.198,9,Utility-Scale Solar Energy Consumption for Electricity:  Electric Power Sector ,Trillion Btu,2016,11
SOEGBUS,201612,22.055,9,Utility-Scale Solar Energy Consumption for Electricity:  Electric Power Sector ,Trillion Btu,2016,12
SOEGBUS,201701,19.648,9,Utility-Scale Solar Energy Consumption for Electricity:  Electric Power Sector ,Trillion Btu,2017,1
SOEGBUS,201702,22.795,9,Utility-Scale Solar Energy Consumption for Electricity:  Electric Power Sector ,Trillion Btu,2017,2
SOEGBUS,201703,40.45,9,Utility-Scale Solar Energy Consumption for Electricity:  Electric Power Sector ,Trillion Btu,2017,3
SOEGBUS,201704,43.585,9,Utility-Scale Solar Energy Consumption for Electricity:  Electric Power Sector ,Trillion Btu,2017,4
SOEGBUS,201705,52.601,9,Utility-Scale Solar Energy Consumption for Electricity:  Electric Power Sector ,Trillion Btu,2017,5
SOEGBUS,201706,56.996,9,Utility-Scale Solar Energy Consumption for Electricity:  Electric Power Sector ,Trillion Btu,2017,6
SOEGBUS,201707,50.173,9,Utility-Scale Solar Energy Consumption for Electricity:  Electric Power Sector ,Trillion Btu,2017,7
SOEGBUS,201708,49.246,9,Utility-Scale Solar Energy Consumption for Electricity:  Electric Power Sector ,Trillion Btu,2017,8
SOEGBUS,201709,47.109,9,Utility-Scale Solar Energy Consumption for Electricity:  Electric Power Sector ,Trillion Btu,2017,9
SOEGBUS,201710,44.044,9,Utility-Scale Solar Energy Consumption for Electricity:  Electric Power Sector ,Trillion Btu,2017,10
SOEGBUS,201711,28.484,9,Utility-Scale Solar Energy Consumption for Electricity:  Electric Power Sector ,Trillion Btu,2017,11
SOEGBUS,201712,27.945,9,Utility-Scale Solar Energy Consumption for Electricity:  Electric Power Sector ,Trillion Btu,2017,12
SOEGBUS,201801,29.814,9,Utility-Scale Solar Energy Consumption for Electricity:  Electric Power Sector ,Trillion Btu,2018,1
SOEGBUS,201802,36.87,9,Utility-Scale Solar Energy Consumption for Electricity:  Electric Power Sector ,Trillion Btu,2018,2
SOEGBUS,201803,46.593,9,Utility-Scale Solar Energy Consumption for Electricity:  Electric Power Sector ,Trillion Btu,2018,3
SOT5BUS,201201,0.907,10,Utility-Scale Solar Energy Consumption: Total,Trillion Btu,2012,1
SOT5BUS,201202,1.287,10,Utility-Scale Solar Energy Consumption: Total,Trillion Btu,2012,2
SOT5BUS,201203,2.2,10,Utility-Scale Solar Energy Consumption: Total,Trillion Btu,2012,3
SOT5BUS,201204,3.033,10,Utility-Scale Solar Energy Consumption: Total,Trillion Btu,2012,4
SOT5BUS,201205,4.402,10,Utility-Scale Solar Energy Consumption: Total,Trillion Btu,2012,5
SOT5BUS,201206,5.016,10,Utility-Scale Solar Energy Consumption: Total,Trillion Btu,2012,6
SOT5BUS,201207,4.848,10,Utility-Scale Solar Energy Consumption: Total,Trillion Btu,2012,7
SOT5BUS,201208,4.391,10,Utility-Scale Solar Energy Consumption: Total,Trillion Btu,2012,8
SOT5BUS,201209,4.359,10,Utility-Scale Solar Energy Consumption: Total,Trillion Btu,2012,9
SOT5BUS,201210,4.105,10,Utility-Scale Solar Energy Consumption: Total,Trillion Btu,2012,10
SOT5BUS,201211,3.305,10,Utility-Scale Solar Energy Consumption: Total,Trillion Btu,2012,11
SOT5BUS,201212,3.319,10,Utility-Scale Solar Energy Consumption: Total,Trillion Btu,2012,12
SOT5BUS,201301,2.956,10,Utility-Scale Solar Energy Consumption: Total,Trillion Btu,2013,1
SOT5BUS,201302,4.128,10,Utility-Scale Solar Energy Consumption: Total,Trillion Btu,2013,2
SOT5BUS,201303,5.91,10,Utility-Scale Solar Energy Consumption: Total,Trillion Btu,2013,3
SOT5BUS,201304,6.361,10,Utility-Scale Solar Energy Consumption: Total,Trillion Btu,2013,4
SOT5BUS,201305,7.182,10,Utility-Scale Solar Energy Consumption: Total,Trillion Btu,2013,5
SOT5BUS,201306,8.307,10,Utility-Scale Solar Energy Consumption: Total,Trillion Btu,2013,6
SOT5BUS,201307,7.908,10,Utility-Scale Solar Energy Consumption: Total,Trillion Btu,2013,7
SOT5BUS,201308,9.008,10,Utility-Scale Solar Energy Consumption: Total,Trillion Btu,2013,8
SOT5BUS,201309,9.052,10,Utility-Scale Solar Energy Consumption: Total,Trillion Btu,2013,9
SOT5BUS,201310,9.422,10,Utility-Scale Solar Energy Consumption: Total,Trillion Btu,2013,10
SOT5BUS,201311,7.865,10,Utility-Scale Solar Energy Consumption: Total,Trillion Btu,2013,11
SOT5BUS,201312,8.11,10,Utility-Scale Solar Energy Consumption: Total,Trillion Btu,2013,12
SOT5BUS,201401,7.143,10,Utility-Scale Solar Energy Consumption: Total,Trillion Btu,2014,1
SOT5BUS,201402,7.941,10,Utility-Scale Solar Energy Consumption: Total,Trillion Btu,2014,2
SOT5BUS,201403,12.526,10,Utility-Scale Solar Energy Consumption: Total,Trillion Btu,2014,3
SOT5BUS,201404,14.142,10,Utility-Scale Solar Energy Consumption: Total,Trillion Btu,2014,4
SOT5BUS,201405,16.639,10,Utility-Scale Solar Energy Consumption: Total,Trillion Btu,2014,5
SOT5BUS,201406,18.291,10,Utility-Scale Solar Energy Consumption: Total,Trillion Btu,2014,6
SOT5BUS,201407,17.001,10,Utility-Scale Solar Energy Consumption: Total,Trillion Btu,2014,7
SOT5BUS,201408,17.874,10,Utility-Scale Solar Energy Consumption: Total,Trillion Btu,2014,8
SOT5BUS,201409,17.425,10,Utility-Scale Solar Energy Consumption: Total,Trillion Btu,2014,9
SOT5BUS,201410,16.328,10,Utility-Scale Solar Energy Consumption: Total,Trillion Btu,2014,10
SOT5BUS,201411,13.12,10,Utility-Scale Solar Energy Consumption: Total,Trillion Btu,2014,11
SOT5BUS,201412,9.812,10,Utility-Scale Solar Energy Consumption: Total,Trillion Btu,2014,12
SOT5BUS,201501,10.767,10,Utility-Scale Solar Energy Consumption: Total,Trillion Btu,2015,1
SOT5BUS,201502,13.825,10,Utility-Scale Solar Energy Consumption: Total,Trillion Btu,2015,2
SOT5BUS,201503,19.311,10,Utility-Scale Solar Energy Consumption: Total,Trillion Btu,2015,3
SOT5BUS,201504,22.171,10,Utility-Scale Solar Energy Consumption: Total,Trillion Btu,2015,4
SOT5BUS,201505,23.336,10,Utility-Scale Solar Energy Consumption: Total,Trillion Btu,2015,5
SOT5BUS,201506,23.834,10,Utility-Scale Solar Energy Consumption: Total,Trillion Btu,2015,6
SOT5BUS,201507,24.482,10,Utility-Scale Solar Energy Consumption: Total,Trillion Btu,2015,7
SOT5BUS,201508,25.045,10,Utility-Scale Solar Energy Consumption: Total,Trillion Btu,2015,8
SOT5BUS,201509,20.661,10,Utility-Scale Solar Energy Consumption: Total,Trillion Btu,2015,9
SOT5BUS,201510,17.795,10,Utility-Scale Solar Energy Consumption: Total,Trillion Btu,2015,10
SOT5BUS,201511,16.119,10,Utility-Scale Solar Energy Consumption: Total,Trillion Btu,2015,11
SOT5BUS,201512,14.63,10,Utility-Scale Solar Energy Consumption: Total,Trillion Btu,2015,12
SOT5BUS,201601,13.717,10,Utility-Scale Solar Energy Consumption: Total,Trillion Btu,2016,1
SOT5BUS,201602,20.694,10,Utility-Scale Solar Energy Consumption: Total,Trillion Btu,2016,2
SOT5BUS,201603,24.164,10,Utility-Scale Solar Energy Consumption: Total,Trillion Btu,2016,3
SOT5BUS,201604,26.585,10,Utility-Scale Solar Energy Consumption: Total,Trillion Btu,2016,4
SOT5BUS,201605,31.621,10,Utility-Scale Solar Energy Consumption: Total,Trillion Btu,2016,5
SOT5BUS,201606,32.067,10,Utility-Scale Solar Energy Consumption: Total,Trillion Btu,2016,6
SOT5BUS,201607,36.418,10,Utility-Scale Solar Energy Consumption: Total,Trillion Btu,2016,7
SOT5BUS,201608,36.644,10,Utility-Scale Solar Energy Consumption: Total,Trillion Btu,2016,8
SOT5BUS,201609,33.559,10,Utility-Scale Solar Energy Consumption: Total,Trillion Btu,2016,9
SOT5BUS,201610,29.461,10,Utility-Scale Solar Energy Consumption: Total,Trillion Btu,2016,10
SOT5BUS,201611,25.546,10,Utility-Scale Solar Energy Consumption: Total,Trillion Btu,2016,11
SOT5BUS,201612,22.374,10,Utility-Scale Solar Energy Consumption: Total,Trillion Btu,2016,12
SOT5BUS,201701,19.867,10,Utility-Scale Solar Energy Consumption: Total,Trillion Btu,2017,1
SOT5BUS,201702,23.049,10,Utility-Scale Solar Energy Consumption: Total,Trillion Btu,2017,2
SOT5BUS,201703,40.922,10,Utility-Scale Solar Energy Consumption: Total,Trillion Btu,2017,3
SOT5BUS,201704,44.075,10,Utility-Scale Solar Energy Consumption: Total,Trillion Btu,2017,4
SOT5BUS,201705,53.235,10,Utility-Scale Solar Energy Consumption: Total,Trillion Btu,2017,5
SOT5BUS,201706,57.721,10,Utility-Scale Solar Energy Consumption: Total,Trillion Btu,2017,6
SOT5BUS,201707,50.818,10,Utility-Scale Solar Energy Consumption: Total,Trillion Btu,2017,7
SOT5BUS,201708,49.865,10,Utility-Scale Solar Energy Consumption: Total,Trillion Btu,2017,8
SOT5BUS,201709,47.709,10,Utility-Scale Solar Energy Consumption: Total,Trillion Btu,2017,9
SOT5BUS,201710,44.592,10,Utility-Scale Solar Energy Consumption: Total,Trillion Btu,2017,10
SOT5BUS,201711,28.808,10,Utility-Scale Solar Energy Consumption: Total,Trillion Btu,2017,11
SOT5BUS,201712,28.245,10,Utility-Scale Solar Energy Consumption: Total,Trillion Btu,2017,12
SOT5BUS,201801,30.115,10,Utility-Scale Solar Energy Consumption: Total,Trillion Btu,2018,1
SOT5BUS,201802,37.274,10,Utility-Scale Solar Energy Consumption: Total,Trillion Btu,2018,2
SOT5BUS,201803,47.076,10,Utility-Scale Solar Energy Consumption: Total,Trillion Btu,2018,3
SOTCBUS,201201,7.174,11,Solar Energy Consumption,Trillion Btu,2012,1
SOTCBUS,201202,8.042,11,Solar Energy Consumption,Trillion Btu,2012,2
SOTCBUS,201203,11.508,11,Solar Energy Consumption,Trillion Btu,2012,3
SOTCBUS,201204,13.291,11,Solar Energy Consumption,Trillion Btu,2012,4
SOTCBUS,201205,15.727,11,Solar Energy Consumption,Trillion Btu,2012,5
SOTCBUS,201206,16.442,11,Solar Energy Consumption,Trillion Btu,2012,6
SOTCBUS,201207,16.844,11,Solar Energy Consumption,Trillion Btu,2012,7
SOTCBUS,201208,16.261,11,Solar Energy Consumption,Trillion Btu,2012,8
SOTCBUS,201209,15.186,11,Solar Energy Consumption,Trillion Btu,2012,9
SOTCBUS,201210,13.973,11,Solar Energy Consumption,Trillion Btu,2012,10
SOTCBUS,201211,11.399,11,Solar Energy Consumption,Trillion Btu,2012,11
SOTCBUS,201212,11.002,11,Solar Energy Consumption,Trillion Btu,2012,12
SOTCBUS,201301,10.449,11,Solar Energy Consumption,Trillion Btu,2013,1
SOTCBUS,201302,12.205,11,Solar Energy Consumption,Trillion Btu,2013,2
SOTCBUS,201303,17.039,11,Solar Energy Consumption,Trillion Btu,2013,3
SOTCBUS,201304,18.627,11,Solar Energy Consumption,Trillion Btu,2013,4
SOTCBUS,201305,20.722,11,Solar Energy Consumption,Trillion Btu,2013,5
SOTCBUS,201306,21.97,11,Solar Energy Consumption,Trillion Btu,2013,6
SOTCBUS,201307,22.251,11,Solar Energy Consumption,Trillion Btu,2013,7
SOTCBUS,201308,23.201,11,Solar Energy Consumption,Trillion Btu,2013,8
SOTCBUS,201309,21.998,11,Solar Energy Consumption,Trillion Btu,2013,9
SOTCBUS,201310,21.221,11,Solar Energy Consumption,Trillion Btu,2013,10
SOTCBUS,201311,17.543,11,Solar Energy Consumption,Trillion Btu,2013,11
SOTCBUS,201312,17.297,11,Solar Energy Consumption,Trillion Btu,2013,12
SOTCBUS,201401,16.515,11,Solar Energy Consumption,Trillion Btu,2014,1
SOTCBUS,201402,17.91,11,Solar Energy Consumption,Trillion Btu,2014,2
SOTCBUS,201403,26.148,11,Solar Energy Consumption,Trillion Btu,2014,3
SOTCBUS,201404,28.987,11,Solar Energy Consumption,Trillion Btu,2014,4
SOTCBUS,201405,33.04,11,Solar Energy Consumption,Trillion Btu,2014,5
SOTCBUS,201406,34.82,11,Solar Energy Consumption,Trillion Btu,2014,6
SOTCBUS,201407,34.25,11,Solar Energy Consumption,Trillion Btu,2014,7
SOTCBUS,201408,34.982,11,Solar Energy Consumption,Trillion Btu,2014,8
SOTCBUS,201409,33.14,11,Solar Energy Consumption,Trillion Btu,2014,9
SOTCBUS,201410,30.819,11,Solar Energy Consumption,Trillion Btu,2014,10
SOTCBUS,201411,25.012,11,Solar Energy Consumption,Trillion Btu,2014,11
SOTCBUS,201412,21.317,11,Solar Energy Consumption,Trillion Btu,2014,12
SOTCBUS,201501,20.995,11,Solar Energy Consumption,Trillion Btu,2015,1
SOTCBUS,201502,25.004,11,Solar Energy Consumption,Trillion Btu,2015,2
SOTCBUS,201503,34.845,11,Solar Energy Consumption,Trillion Btu,2015,3
SOTCBUS,201504,39.485,11,Solar Energy Consumption,Trillion Btu,2015,4
SOTCBUS,201505,42.436,11,Solar Energy Consumption,Trillion Btu,2015,5
SOTCBUS,201506,43.128,11,Solar Energy Consumption,Trillion Btu,2015,6
SOTCBUS,201507,44.854,11,Solar Energy Consumption,Trillion Btu,2015,7
SOTCBUS,201508,45.162,11,Solar Energy Consumption,Trillion Btu,2015,8
SOTCBUS,201509,38.882,11,Solar Energy Consumption,Trillion Btu,2015,9
SOTCBUS,201510,34.208,11,Solar Energy Consumption,Trillion Btu,2015,10
SOTCBUS,201511,29.576,11,Solar Energy Consumption,Trillion Btu,2015,11
SOTCBUS,201512,27.154,11,Solar Energy Consumption,Trillion Btu,2015,12
SOTCBUS,201601,25.996,11,Solar Energy Consumption,Trillion Btu,2016,1
SOTCBUS,201602,35.041,11,Solar Energy Consumption,Trillion Btu,2016,2
SOTCBUS,201603,43.282,11,Solar Energy Consumption,Trillion Btu,2016,3
SOTCBUS,201604,47.932,11,Solar Energy Consumption,Trillion Btu,2016,4
SOTCBUS,201605,55.174,11,Solar Energy Consumption,Trillion Btu,2016,5
SOTCBUS,201606,56.232,11,Solar Energy Consumption,Trillion Btu,2016,6
SOTCBUS,201607,61.492,11,Solar Energy Consumption,Trillion Btu,2016,7
SOTCBUS,201608,60.982,11,Solar Energy Consumption,Trillion Btu,2016,8
SOTCBUS,201609,55.312,11,Solar Energy Consumption,Trillion Btu,2016,9
SOTCBUS,201610,48.917,11,Solar Energy Consumption,Trillion Btu,2016,10
SOTCBUS,201611,41.301,11,Solar Energy Consumption,Trillion Btu,2016,11
SOTCBUS,201612,37.004,11,Solar Energy Consumption,Trillion Btu,2016,12
SOTCBUS,201701,34.568,11,Solar Energy Consumption,Trillion Btu,2017,1
SOTCBUS,201702,39.401,11,Solar Energy Consumption,Trillion Btu,2017,2
SOTCBUS,201703,64.409,11,Solar Energy Consumption,Trillion Btu,2017,3
SOTCBUS,201704,70.208,11,Solar Energy Consumption,Trillion Btu,2017,4
SOTCBUS,201705,82.084,11,Solar Energy Consumption,Trillion Btu,2017,5
SOTCBUS,201706,87.309,11,Solar Energy Consumption,Trillion Btu,2017,6
SOTCBUS,201707,81.295,11,Solar Energy Consumption,Trillion Btu,2017,7
SOTCBUS,201708,79.435,11,Solar Energy Consumption,Trillion Btu,2017,8
SOTCBUS,201709,74.195,11,Solar Energy Consumption,Trillion Btu,2017,9
SOTCBUS,201710,68.26,11,Solar Energy Consumption,Trillion Btu,2017,10
SOTCBUS,201711,47.416,11,Solar Energy Consumption,Trillion Btu,2017,11
SOTCBUS,201712,45.697,11,Solar Energy Consumption,Trillion Btu,2017,12
SOTCBUS,201801,48.632,11,Solar Energy Consumption,Trillion Btu,2018,1
SOTCBUS,201802,57.253,11,Solar Energy Consumption,Trillion Btu,2018,2
SOTCBUS,201803,74.537,11,Solar Energy Consumption,Trillion Btu,2018,3